date,model_version,code,name,close,return_5d,return_20d,momentum_acceleration,ma25_distance,volume_ratio_20d,drawdown_252d_high,peak_age,higher_low,ma5_rising,volatility_contracting,long_adjustment,high_base,early_price_setup,confirm_setup,early_grade,margin_data_available,margin_date,margin_buy_latest,margin_sell_latest,margin_buy_change_4obs_pct,margin_buy_change_13obs_pct,strategy,reason
2026-10-08,7.1-EARLY-RESEARCH-R2,9104,商船三井,7118.0,0.9215936480930109,-0.6420993858179735,1.0821184945475042,0.29307332469143965,1.1183698377739788,-5.207084831535491,29,True,True,True,False,True,True,True,A,False,,,,,,B_EARLY_CONFIRMED,高値持ち合い後 / 安値切り上げ / 5日線上向き / 出来高1.1倍 / 勢い改善 / 25日線付近
2026-10-08,7.1-EARLY-RESEARCH-R2,1721,コムシスホールディングス,5539.0,1.9885840545019295,2.2144307067724744,1.434976377808811,0.7156832083554443,1.2420822715689843,-10.819513765899213,102,True,True,True,False,True,True,True,A,False,,,,,,B_EARLY_CONFIRMED,高値持ち合い後 / 安値切り上げ / 5日線上向き / 出来高1.2倍 / 勢い改善 / 25日線付近
2026-10-08,7.1-EARLY-RESEARCH-R2,7269,スズキ,2049.5,2.3215177234148676,-0.2676399026763976,2.388427699083967,1.0830859070597887,1.3192043204294979,-17.12494945410432,209,True,True,True,True,False,True,True,A,False,,,,,,B_EARLY_CONFIRMED,長期調整後 / 安値切り上げ / 5日線上向き / 出来高1.3倍 / 勢い改善 / 25日線付近
2026-10-08,7.1-EARLY-RESEARCH-R2,6702,富士通,4125.0,3.073463268365817,7.6742364917776085,1.1549041454214148,4.628511713320416,1.1925814847372322,-11.632390745501286,178,True,True,True,False,True,True,True,A,False,,,,,,B_EARLY_CONFIRMED,高値持ち合い後 / 安値切り上げ / 5日線上向き / 出来高1.2倍 / 勢い改善
2026-10-08,7.1-EARLY-RESEARCH-R2,4188,三菱ケミカルグループ,1156.5,0.12987012987013546,-5.745721271393645,1.5663004477185467,-2.521872524063995,1.1893079836488722,-11.379310344827587,22,True,True,True,False,True,True,False,A,False,,,,,,A_EARLY,高値持ち合い後 / 安値切り上げ / 5日線上向き / 出来高1.2倍 / 勢い改善 / 25日線付近
2026-10-08,7.1-EARLY-RESEARCH-R2,5201,ＡＧＣ,5805.0,0.3110419906687367,2.3809523809523725,-0.2841961045693564,2.1676076763865293,1.2108884492990453,-30.18641010222489,86,True,True,True,True,False,False,False,A,False,,,,,,NONE,長期調整後 / 安値切り上げ / 5日線上向き / 出来高1.2倍 / 25日線付近
2026-10-08,7.1-EARLY-RESEARCH-R2,5233,太平洋セメント,4113.0,0.5623471882640674,-2.3736055067647754,1.1557485649552612,-0.7700993022784486,1.2481170647729718,-17.21014492753623,160,False,True,True,True,False,False,False,A,False,,,,,,NONE,長期調整後 / 5日線上向き / 出来高1.2倍 / 勢い改善 / 25日線付近
2026-10-08,7.1-EARLY-RESEARCH-R2,9735,セコム,6323.0,0.5886096086541448,0.4288437102922593,0.48139868108107997,-0.3109076232278962,0.7761932062491042,-12.472314507198224,47,True,True,True,False,True,False,False,A,False,,,,,,NONE,高値持ち合い後 / 安値切り上げ / 5日線上向き / 勢い改善 / 25日線付近
2026-10-08,7.1-EARLY-RESEARCH-R2,4578,大塚ホールディングス,11680.0,1.875272568687314,-0.4262574595055413,1.9818369335636992,1.4276286081489342,0.9213890464857537,-8.714341539663927,39,True,True,True,False,True,False,False,A,False,,,,,,NONE,高値持ち合い後 / 安値切り上げ / 5日線上向き / 勢い改善 / 25日線付近
2026-10-08,7.1-EARLY-RESEARCH-R2,7202,いすゞ自動車,2113.0,2.200725513905688,-5.0123623286131735,3.4538160960589814,-2.3441110679755184,1.2277626617362074,-27.859337657903726,159,False,True,True,True,False,False,False,A,False,,,,,,NONE,長期調整後 / 5日線上向き / 出来高1.2倍 / 勢い改善 / 25日線付近
2026-10-08,7.1-EARLY-RESEARCH-R2,3086,Ｊ．フロント　リテイリング,2743.5,4.295761262117459,1.8374164810690319,3.8364071418502013,2.5002054861054113,1.520884264192733,-24.149847940281997,67,False,True,True,True,False,False,False,A,False,,,,,,NONE,長期調整後 / 5日線上向き / 出来高1.5倍 / 勢い改善 / 25日線付近
2026-10-08,7.1-EARLY-RESEARCH-R2,2801,キッコーマン,1736.5,4.576934658235476,0.579206487112649,4.432133036457314,1.8678211490854357,1.0652857744881996,-7.014725568942437,31,True,True,True,False,True,False,False,A,False,,,,,,NONE,高値持ち合い後 / 安値切り上げ / 5日線上向き / 勢い改善 / 25日線付近
2026-10-08,7.1-EARLY-RESEARCH-R2,6701,日本電気,5078.0,5.352697095435688,10.15184381778742,2.814736140988833,5.801365125136471,1.3592967252384924,-18.01743622860833,211,True,True,True,True,False,False,False,A,False,,,,,,NONE,長期調整後 / 安値切り上げ / 5日線上向き / 出来高1.4倍 / 勢い改善
2026-10-08,7.1-EARLY-RESEARCH-R2,9843,ニトリホールディングス,3116.0,5.519810362343369,-3.1094527363184077,6.297173546422971,-0.18451130131721394,0.6068704778045759,-78.26299267527031,251,True,True,True,True,False,False,False,A,False,,,,,,NONE,長期調整後 / 安値切り上げ / 5日線上向き / 勢い改善 / 25日線付近
2026-10-08,7.1-EARLY-RESEARCH-R2,4704,トレンドマイクロ,7232.0,8.409533803028024,25.294525294525293,2.085902479396701,14.271267854885593,2.589150871817847,-12.993262752646773,251,True,True,True,False,True,False,False,A,False,,,,,,NONE,高値持ち合い後 / 安値切り上げ / 5日線上向き / 出来高2.6倍 / 勢い改善
2026-10-08,7.1-EARLY-RESEARCH-R2,6473,ジェイテクト,2130.0,-1.5256588072122046,-3.2477856007267825,-0.713712407030509,0.9201262212283012,1.1103000218994088,-5.939500993596825,45,True,True,True,False,True,False,False,B,False,,,,,,NONE,高値持ち合い後 / 安値切り上げ / 5日線上向き / 出来高1.1倍 / 25日線付近
2026-10-08,7.1-EARLY-RESEARCH-R2,6305,日立建機,5550.0,-1.245551601423489,-7.89910388317292,0.7292243693697409,-3.050672182006209,1.3393136836109925,-23.18339100346021,149,True,True,True,True,False,False,False,B,False,,,,,,NONE,長期調整後 / 安値切り上げ / 5日線上向き / 出来高1.3倍 / 勢い改善
2026-10-08,7.1-EARLY-RESEARCH-R2,2501,サッポロビール,1821.0,-0.3829321663019747,-1.620745542949753,0.022254219435463574,-1.3339690727235287,0.8237133041340345,-77.9992750996738,208,True,True,True,True,False,False,False,B,False,,,,,,NONE,長期調整後 / 安値切り上げ / 5日線上向き / 勢い改善 / 25日線付近
2026-10-08,7.1-EARLY-RESEARCH-R2,4183,三井化学,2116.5,-0.02361832782239448,-5.132227700582703,1.2594385973232813,-2.13350349572744,0.7143251449075352,-47.32453957192633,207,True,True,True,True,False,False,False,B,False,,,,,,NONE,長期調整後 / 安値切り上げ / 5日線上向き / 勢い改善 / 25日線付近
2026-10-08,7.1-EARLY-RESEARCH-R2,3407,旭化成,1650.5,0.06062443164596143,2.356589147286825,-0.5285228551757448,1.9406082466586039,0.9549973037046081,-13.405036726128017,63,True,True,True,False,True,False,False,B,False,,,,,,NONE,高値持ち合い後 / 安値切り上げ / 5日線上向き / 25日線付近
2026-10-08,7.1-EARLY-RESEARCH-R2,4061,デンカ,3238.0,0.06180469715697523,-1.3406459475929333,0.39696618405520856,-1.423543881440359,0.8588343841304014,-30.988917306052855,74,False,True,True,True,False,False,False,B,False,,,,,,NONE,長期調整後 / 5日線上向き / 勢い改善 / 25日線付近
2026-10-08,7.1-EARLY-RESEARCH-R2,5332,ＴＯＴＯ,6053.0,0.08267195767195368,0.7657732645247162,-0.10877135845922536,2.3399722720048644,0.9820658087269726,-36.28421052631579,72,True,True,True,True,False,False,False,B,False,,,,,,NONE,長期調整後 / 安値切り上げ / 5日線上向き / 25日線付近
2026-10-08,7.1-EARLY-RESEARCH-R2,2269,明治ホールディングス,4176.0,0.11987532965715975,-4.461221688400818,1.2351807517573643,-2.7280858676207442,0.7244589414537749,-9.375,22,False,True,True,False,True,False,False,B,False,,,,,,NONE,高値持ち合い後 / 5日線上向き / 勢い改善 / 25日線付近
2026-10-08,7.1-EARLY-RESEARCH-R2,4324,電通グループ,3571.0,0.19640852974185385,-1.6253443526170752,0.6027446178961227,-0.8408121556779835,0.8380579846135584,-7.821373257614872,47,True,False,True,False,True,False,False,B,False,,,,,,NONE,高値持ち合い後 / 安値切り上げ / 勢い改善 / 25日線付近
2026-10-08,7.1-EARLY-RESEARCH-R2,6988,日東電工,3526.0,0.2558999147000307,4.350399526487125,-0.8316999669217506,3.1597425394967793,1.2092916106738338,-13.323500491642083,230,True,True,True,False,True,False,False,B,False,,,,,,NONE,高値持ち合い後 / 安値切り上げ / 5日線上向き / 出来高1.2倍
2026-10-08,7.1-EARLY-RESEARCH-R2,2802,味の素,5293.0,0.6273764258555081,1.4178961486874808,0.2729023886836379,3.558515550407737,0.6410714557904239,-16.514195583596212,63,True,True,True,True,False,False,False,B,False,,,,,,NONE,長期調整後 / 安値切り上げ / 5日線上向き / 勢い改善
2026-10-08,7.1-EARLY-RESEARCH-R2,3405,クラレ,1806.5,0.6406685236768794,-0.27601435274634545,0.7096721118634658,0.008857690135855023,0.6560720827763751,-13.481800766283525,40,False,True,True,False,True,False,False,B,False,,,,,,NONE,高値持ち合い後 / 5日線上向き / 勢い改善 / 25日線付近
2026-10-08,7.1-EARLY-RESEARCH-R2,4901,富士フイルムホールディングス,3416.0,0.6778661951075682,5.464649583204695,-0.6882962006936055,2.6343620805691748,1.0255878241177103,-12.589559877175027,41,True,True,True,False,True,False,False,B,False,,,,,,NONE,高値持ち合い後 / 安値切り上げ / 5日線上向き / 25日線付近
2026-10-08,7.1-EARLY-RESEARCH-R2,7267,本田技研工業,1712.5,0.9728773584905648,1.0324483775811188,0.7147652640952851,1.553697444108404,1.270971736522124,-3.056892159637703,10,False,True,True,False,False,False,False,B,False,,,,,,NONE,5日線上向き / 出来高1.3倍 / 勢い改善 / 25日線付近
2026-10-08,7.1-EARLY-RESEARCH-R2,4452,花王,3522.0,1.148765077541647,1.9392185238784387,0.6639604465720372,1.1232083792723335,1.0660351875528984,-48.14487632508834,157,False,True,True,True,False,False,False,B,False,,,,,,NONE,長期調整後 / 5日線上向き / 勢い改善 / 25日線付近
2026-10-08,7.1-EARLY-RESEARCH-R2,4502,武田薬品工業,5816.0,1.4831617518757723,0.6750908776181452,1.314389032471236,0.4372543466397705,1.0373857321434494,-3.5968838057351182,126,False,True,True,False,True,False,False,B,False,,,,,,NONE,高値持ち合い後 / 5日線上向き / 勢い改善 / 25日線付近
2026-10-08,7.1-EARLY-RESEARCH-R2,2914,日本たばこ産業,6960.0,1.516919486581103,3.325415676959631,0.6855655673411953,1.5921949168870686,0.9006801215312089,-3.5743973399833706,45,False,True,True,False,True,False,False,B,False,,,,,,NONE,高値持ち合い後 / 5日線上向き / 勢い改善 / 25日線付近
2026-10-08,7.1-EARLY-RESEARCH-R2,6501,日立製作所,5597.0,1.5789473684210575,4.460619634191865,0.46379245987309137,3.1089266502586588,0.7893280428606856,-7.3190925649942,160,True,True,True,False,True,False,False,B,False,,,,,,NONE,高値持ち合い後 / 安値切り上げ / 5日線上向き / 勢い改善
2026-10-08,7.1-EARLY-RESEARCH-R2,5101,横浜ゴム,7284.0,1.874125874125876,2.4472573839662504,1.2623115281343134,4.21137569316874,0.8503307681922506,-12.145700156796524,38,True,True,True,False,True,False,False,B,False,,,,,,NONE,高値持ち合い後 / 安値切り上げ / 5日線上向き / 勢い改善
2026-10-08,7.1-EARLY-RESEARCH-R2,6920,レーザーテック,46610.0,1.968934587617599,30.963753863444786,-5.772003878243598,20.06079027355623,1.1367079898208896,-20.433595083646296,74,True,True,True,True,False,False,False,B,False,,,,,,NONE,長期調整後 / 安値切り上げ / 5日線上向き / 出来高1.1倍
2026-10-08,7.1-EARLY-RESEARCH-R2,7741,ＨＯＹＡ,25025.0,2.6035260352603506,3.6446469248291535,1.6923643040530623,5.6129985228951185,0.9897695155447633,-17.680921052631582,117,True,True,True,True,False,False,False,B,False,,,,,,NONE,長期調整後 / 安値切り上げ / 5日線上向き / 勢い改善
2026-10-08,7.1-EARLY-RESEARCH-R2,6098,リクルートホールディングス,17200.0,2.6559236048940615,6.567534076827752,1.0140400856871234,3.912423576037294,0.9361356459122927,-5.572330496843259,25,True,True,True,False,True,False,False,B,False,,,,,,NONE,高値持ち合い後 / 安値切り上げ / 5日線上向き / 勢い改善
2026-10-08,7.1-EARLY-RESEARCH-R2,7752,リコー,1709.5,2.734375,3.355501813784767,1.8954995465538083,3.414274134030215,1.2478223213307982,-2.1745350500715355,24,True,True,True,False,False,False,False,B,False,,,,,,NONE,安値切り上げ / 5日線上向き / 出来高1.2倍 / 勢い改善
2026-10-08,7.1-EARLY-RESEARCH-R2,8233,高島屋,2140.5,2.735781137509008,-1.8569463548830822,3.2000177262297784,0.010279028912085764,0.839339155447948,-17.941345600920066,69,False,True,True,True,False,False,False,B,False,,,,,,NONE,長期調整後 / 5日線上向き / 勢い改善 / 25日線付近
2026-10-08,7.1-EARLY-RESEARCH-R2,7453,良品計画,4380.0,2.961918194640334,3.7177362064882757,2.032484143018265,5.782792665726366,0.8824852362918789,-5.297297297297298,38,True,True,True,False,True,False,False,B,False,,,,,,NONE,高値持ち合い後 / 安値切り上げ / 5日線上向き / 勢い改善
2026-10-08,7.1-EARLY-RESEARCH-R2,3092,ＺＯＺＯ,1131.0,3.005464480874309,0.3994673768308976,2.9055976366665845,0.4815295225572669,0.8146112757902151,-20.90909090909091,251,True,True,False,True,False,False,False,B,False,,,,,,NONE,長期調整後 / 安値切り上げ / 5日線上向き / 勢い改善 / 25日線付近
2026-10-08,7.1-EARLY-RESEARCH-R2,3099,三越伊勢丹ホールディングス,1730.0,5.423522242535039,-46.05550358590583,16.9373981390115,-36.84979010768389,1.1565990890287214,-58.73091603053435,67,True,True,False,True,False,False,False,B,False,,,,,,NONE,長期調整後 / 安値切り上げ / 5日線上向き / 出来高1.2倍 / 勢い改善
2026-10-08,7.1-EARLY-RESEARCH-R2,4004,レゾナック・ホールディングス,17435.0,9.688581314878885,5.156815440289497,8.39937745480651,12.388159760719898,0.9918745778669232,-14.930470846547939,100,True,True,True,False,True,False,False,B,False,,,,,,NONE,高値持ち合い後 / 安値切り上げ / 5日線上向き / 勢い改善
2026-10-08,7.1-EARLY-RESEARCH-R2,5706,三井金属,2715.0,10.164333536214244,-89.4767441860465,32.53351958272587,-84.32907669113217,2.284920379118278,-95.2946273830156,91,True,True,False,True,False,False,False,B,False,,,,,,NONE,長期調整後 / 安値切り上げ / 5日線上向き / 出来高2.3倍 / 勢い改善
2026-10-08,7.1-EARLY-RESEARCH-R2,8035,東京エレクトロン,12190.0,-3.1001589825119247,-78.16977077363897,16.44228371089782,-69.67329757485894,1.1716014935159889,-84.99876938222988,66,True,True,False,True,False,False,False,C,False,,,,,,NONE,長期調整後 / 安値切り上げ / 5日線上向き / 出来高1.2倍 / 勢い改善
2026-10-08,7.1-EARLY-RESEARCH-R2,7911,ＴＯＰＰＡＮホールディングス,2360.5,-2.3578076525336056,-55.003812428516966,11.393145454595636,-42.317091051268264,1.115816645491762,-60.18049932523617,147,True,True,False,True,False,False,False,C,False,,,,,,NONE,長期調整後 / 安値切り上げ / 5日線上向き / 出来高1.1倍 / 勢い改善
2026-10-08,7.1-EARLY-RESEARCH-R2,4042,東ソー,2584.5,-2.2873345935727762,-2.083727978783856,-1.7664025988768124,-1.4520052772460712,1.2964019079220241,-16.250810110174985,77,True,False,True,True,False,False,False,C,False,,,,,,NONE,長期調整後 / 安値切り上げ / 出来高1.3倍 / 25日線付近
2026-10-08,7.1-EARLY-RESEARCH-R2,7912,大日本印刷,2930.5,-2.2351959966638857,-5.345607235142113,-0.8987941878783574,-2.675469768121519,1.3475643130815544,-12.886444708680145,36,True,False,True,False,True,False,False,C,False,,,,,,NONE,高値持ち合い後 / 安値切り上げ / 出来高1.3倍 / 25日線付近
2026-10-08,7.1-EARLY-RESEARCH-R2,6954,ファナック,6019.0,-1.7626897339644176,0.13308933621694052,-1.7959620680186528,1.561814512591031,0.8290253254459666,-32.218468468468465,100,True,True,True,True,False,False,False,C,False,,,,,,NONE,長期調整後 / 安値切り上げ / 5日線上向き / 25日線付近
2026-10-08,7.1-EARLY-RESEARCH-R2,4751,サイバーエージェント,1221.0,-1.4129995962858244,-2.709163346613541,-0.7357087596324391,-2.2151746672432915,1.190898737130024,-31.67319529938444,248,True,False,True,True,False,False,False,C,False,,,,,,NONE,長期調整後 / 安値切り上げ / 出来高1.2倍 / 25日線付近
2026-10-08,7.1-EARLY-RESEARCH-R2,6752,パナソニック　ホールディングス,4493.0,-1.252747252747255,1.6285908165573293,-1.6598949568865873,2.232597932139213,1.0660389786555198,-9.81533520674428,36,True,True,True,False,True,False,False,C,False,,,,,,NONE,高値持ち合い後 / 安値切り上げ / 5日線上向き / 25日線付近
2026-10-08,7.1-EARLY-RESEARCH-R2,4005,住友化学,572.9,-1.2411653163247771,-2.964092140921404,-0.5001422810944262,-1.873128755335407,1.0420246697755826,-10.316217908578585,22,True,True,True,False,True,False,False,C,False,,,,,,NONE,高値持ち合い後 / 安値切り上げ / 5日線上向き / 25日線付近
2026-10-08,7.1-EARLY-RESEARCH-R2,4043,トクヤマ,4065.0,-0.9261515963928879,-0.6355414324126119,-0.767266238289735,-0.4749779649397712,0.8961276818419676,-29.524965325936204,85,True,True,True,True,False,False,False,C,False,,,,,,NONE,長期調整後 / 安値切り上げ / 5日線上向き / 25日線付近
2026-10-08,7.1-EARLY-RESEARCH-R2,3382,セブン＆アイ・ホールディングス,1987.5,-0.6001500375093727,-2.549644520715866,0.037261092669593765,-1.4322697110663696,1.2642939606899433,-17.76996276375672,158,False,False,True,True,False,False,False,C,False,,,,,,NONE,長期調整後 / 出来高1.3倍 / 勢い改善 / 25日線付近
2026-10-08,7.1-EARLY-RESEARCH-R2,3402,東レ,1227.0,-0.3654080389768555,-2.5416997617156434,0.27001690145205537,-1.681116684562256,1.253946576547382,-12.043010752688177,39,False,False,True,False,True,False,False,C,False,,,,,,NONE,高値持ち合い後 / 出来高1.3倍 / 勢い改善 / 25日線付近
2026-10-08,7.1-EARLY-RESEARCH-R2,2282,日本ハム,2007.0,-0.04980079681274896,-66.96840026333113,16.692299269020033,-58.506138279793085,1.577149922962934,-72.95148247978437,125,True,True,False,True,False,False,False,C,False,,,,,,NONE,長期調整後 / 安値切り上げ / 5日線上向き / 出来高1.6倍 / 勢い改善
2026-10-08,7.1-EARLY-RESEARCH-R2,6367,ダイキン工業,20990.0,0.02382654276864571,1.5972894482090938,-0.37549581928362774,1.1390794850050234,1.0433675708892987,-20.612708018154315,62,False,True,True,True,False,False,False,C,False,,,,,,NONE,長期調整後 / 5日線上向き / 25日線付近
2026-10-08,7.1-EARLY-RESEARCH-R2,3436,ＳＵＭＣＯ,3473.0,0.02880184331797153,4.766214177978889,-1.1627517011767508,8.274774128782457,1.185739632318478,-41.52214177470954,58,True,True,True,False,False,False,False,C,False,,,,,,NONE,安値切り上げ / 5日線上向き / 出来高1.2倍
2026-10-08,7.1-EARLY-RESEARCH-R2,6506,安川電機,4789.0,0.20924879681942787,2.746191804333842,-0.4772991542640326,5.000745463634537,1.0465509276682916,-39.49463044851548,73,True,True,True,True,False,False,False,C,False,,,,,,NONE,長期調整後 / 安値切り上げ / 5日線上向き
2026-10-08,7.1-EARLY-RESEARCH-R2,2002,日清製粉グループ本社,1982.5,0.25284450063212116,-1.441710166542376,0.6132720422677151,-1.8797513462147641,0.8003845434881299,-9.824880600409369,121,False,False,True,False,True,False,False,C,False,,,,,,NONE,高値持ち合い後 / 勢い改善 / 25日線付近
2026-10-08,7.1-EARLY-RESEARCH-R2,7270,ＳＵＢＡＲＵ,2544.5,0.2956247536460399,-3.635675061541377,1.2045435190313842,-2.1142852746339647,0.6470383525629194,-30.134541460735864,196,False,False,True,True,False,False,False,C,False,,,,,,NONE,長期調整後 / 勢い改善 / 25日線付近
2026-10-08,7.1-EARLY-RESEARCH-R2,4631,ＤＩＣ,4999.0,0.4622186495176761,2.417537389879132,-0.14216569795210687,3.0704648170751803,0.8061328267418878,-14.925119128658949,37,True,True,True,False,True,False,False,C,False,,,,,,NONE,高値持ち合い後 / 安値切り上げ / 5日線上向き
2026-10-08,7.1-EARLY-RESEARCH-R2,6971,京セラ,3752.0,0.6437768240343367,5.869074492099324,-0.8234917989904944,3.6074844809684814,0.6644239537947108,-6.643443642697189,63,True,True,True,False,True,False,False,C,False,,,,,,NONE,高値持ち合い後 / 安値切り上げ / 5日線上向き
2026-10-08,7.1-EARLY-RESEARCH-R2,5020,ＥＮＥＯＳホールディングス,1356.5,0.6679035250463761,-0.9130752373995632,0.8961723343962669,-3.1624785836664726,1.143899489931666,-12.624798711755236,148,False,False,True,False,True,False,False,C,False,,,,,,NONE,高値持ち合い後 / 出来高1.1倍 / 勢い改善
2026-10-08,7.1-EARLY-RESEARCH-R2,9020,東日本旅客鉄道,3350.0,0.7215874924834553,-3.680276020701556,1.6416564976588444,-3.019986567544408,1.0831616722135202,-20.446449774400378,180,False,True,True,True,False,False,False,C,False,,,,,,NONE,長期調整後 / 5日線上向き / 勢い改善
2026-10-08,7.1-EARLY-RESEARCH-R2,5333,ＮＧＫ,5610.0,0.7905138339920903,5.53047404063205,-0.5921046761659221,5.007412287926205,1.0211099712465141,-28.933367114263998,70,True,True,True,True,False,False,False,C,False,,,,,,NONE,長期調整後 / 安値切り上げ / 5日線上向き
2026-10-08,7.1-EARLY-RESEARCH-R2,6504,富士電機,14660.0,0.8253094910591452,9.443822321761841,-1.535646089381315,8.035609008371658,1.0692187847763188,-17.640449438202243,92,True,True,True,True,False,False,False,C,False,,,,,,NONE,長期調整後 / 安値切り上げ / 5日線上向き
2026-10-08,7.1-EARLY-RESEARCH-R2,9766,コナミグループ,22330.0,0.8581752484191574,7.484957882069798,-1.0130642220982922,4.155005783797905,0.7546469091786902,-16.19440795646463,226,True,True,True,True,False,False,False,C,False,,,,,,NONE,長期調整後 / 安値切り上げ / 5日線上向き
2026-10-08,7.1-EARLY-RESEARCH-R2,5108,ブリヂストン,3882.0,1.0411244143675225,-0.9693877551020358,1.2834713531430313,0.9118983498487054,0.7560910969738529,-47.892617449664435,205,False,False,True,True,False,False,False,C,False,,,,,,NONE,長期調整後 / 勢い改善 / 25日線付近
2026-10-08,7.1-EARLY-RESEARCH-R2,9432,ＮＴＴ,172.1,1.0569583088666956,1.954976303317535,0.5682142330373119,-0.9644599944756416,0.8908988385340237,-4.441976679622428,11,False,True,True,False,False,False,False,C,False,,,,,,NONE,5日線上向き / 勢い改善 / 25日線付近
2026-10-08,7.1-EARLY-RESEARCH-R2,9101,日本郵船,7226.0,1.2186580753607013,-2.614555256064688,1.8722968893768732,-0.2093587215308057,1.161121516138396,-4.908540597447031,12,False,False,True,False,False,False,False,C,False,,,,,,NONE,出来高1.2倍 / 勢い改善 / 25日線付近
2026-10-08,7.1-EARLY-RESEARCH-R2,4063,信越化学工業,6121.0,1.5596482495437103,5.207975249226537,0.25765443723707593,3.857012935890647,0.7691277442288781,-22.812105926860028,88,True,True,False,True,False,False,False,C,False,,,,,,NONE,長期調整後 / 安値切り上げ / 5日線上向き / 勢い改善
2026-10-08,7.1-EARLY-RESEARCH-R2,9064,ヤマトホールディングス,2024.0,2.2480424349583306,4.870466321243527,1.0304258546474487,2.3079955922642226,1.067207387278749,-16.155758077879035,250,False,False,True,True,False,False,False,C,False,,,,,,NONE,長期調整後 / 勢い改善 / 25日線付近
2026-10-08,7.1-EARLY-RESEARCH-R2,5801,古河電気工業,4220.0,2.6015074155117945,9.895833333333325,0.12754908217846328,6.804077789813623,0.9366618338599724,-93.23826309886236,91,True,True,False,True,False,False,False,C,False,,,,,,NONE,長期調整後 / 安値切り上げ / 5日線上向き / 勢い改善
2026-10-08,7.1-EARLY-RESEARCH-R2,5803,フジクラ,5512.0,2.682563338301036,5.170768937225723,1.3898711039946055,6.620036520070549,0.8376639383011197,-81.50956055015095,147,True,True,False,True,False,False,False,C,False,,,,,,NONE,長期調整後 / 安値切り上げ / 5日線上向き / 勢い改善
2026-10-08,7.1-EARLY-RESEARCH-R2,9983,ファーストリテイリング,74800.0,2.81786941580755,8.155002891844987,0.7791186928463034,7.413853515075286,0.8173802912952409,-15.66129214116586,61,True,True,False,True,False,False,False,C,False,,,,,,NONE,長期調整後 / 安値切り上げ / 5日線上向き / 勢い改善
2026-10-08,7.1-EARLY-RESEARCH-R2,5214,日本電気硝子,5219.0,2.837438423645322,8.143389970990466,0.8015909308977056,6.5728428137354244,0.9574669349706757,-37.69846006923719,108,True,True,False,True,False,False,False,C,False,,,,,,NONE,長期調整後 / 安値切り上げ / 5日線上向き / 勢い改善
2026-10-08,7.1-EARLY-RESEARCH-R2,2413,エムスリー,1851.5,2.9182879377431803,8.687995303786323,0.7462891117965995,4.971028789785814,0.9222424310708365,-32.57465404224327,216,False,True,True,True,False,False,False,C,False,,,,,,NONE,長期調整後 / 5日線上向き / 勢い改善
2026-10-08,7.1-EARLY-RESEARCH-R2,6724,セイコーエプソン,3387.0,3.199268738574035,7.4896858140272915,1.326847285067212,5.653573567578363,1.0295087118844382,-0.8489461358313855,0,True,True,True,False,False,False,False,C,False,,,,,,NONE,安値切り上げ / 5日線上向き / 勢い改善
2026-10-08,7.1-EARLY-RESEARCH-R2,6723,ルネサスエレクトロニクス,3750.0,3.7057522123893794,10.196885101381126,1.156530937044098,9.352400503895852,0.9845652140639054,-29.03103709311128,72,True,True,False,True,False,False,False,C,False,,,,,,NONE,長期調整後 / 安値切り上げ / 5日線上向き / 勢い改善
2026-10-08,7.1-EARLY-RESEARCH-R2,6762,ＴＤＫ,3353.0,4.7812500000000036,12.49790303640328,1.6567742408991837,11.400530257221252,1.0116177823818648,-22.29432213209733,88,True,True,False,True,False,False,False,C,False,,,,,,NONE,長期調整後 / 安値切り上げ / 5日線上向き / 勢い改善
2026-10-08,7.1-EARLY-RESEARCH-R2,6976,太陽誘電,10955.0,8.465346534653474,11.512622149837126,5.587190997194192,14.884308198261675,1.052737978266545,-54.47745688759609,66,True,True,False,True,False,False,False,C,False,,,,,,NONE,長期調整後 / 安値切り上げ / 5日線上向き / 勢い改善
2026-10-08,7.1-EARLY-RESEARCH-R2,6857,アドバンテスト,40930.0,8.827439510768409,18.706496519721583,4.150815380838013,18.72715669780125,1.1088286327993138,-2.5244105739461786,1,True,True,False,False,False,False,False,C,False,,,,,,NONE,安値切り上げ / 5日線上向き / 出来高1.1倍 / 勢い改善
2026-10-08,7.1-EARLY-RESEARCH-R2,9984,ソフトバンクグループ,6040.0,-9.864199373227878,-2.847032330706123,-9.152441290551348,-1.907923371249265,0.5556109197860492,-78.19100920743817,228,True,False,True,True,False,False,False,D,False,,,,,,NONE,長期調整後 / 安値切り上げ / 25日線付近
2026-10-08,7.1-EARLY-RESEARCH-R2,3103,ユニチカ,1441.0,-8.739708676377456,1.1938202247190999,-9.03816373255723,-2.0047875523638514,0.8775869148579138,-67.10045662100457,113,True,False,True,True,False,False,False,D,False,,,,,,NONE,長期調整後 / 安値切り上げ / 25日線付近
2026-10-08,7.1-EARLY-RESEARCH-R2,285A,キオクシアホールディングス,17900.0,-6.282722513089,-69.93112716277507,11.200059277604767,-57.92156014631074,1.2345408600297911,-84.11712511091393,73,True,False,False,True,False,False,False,D,False,,,,,,NONE,長期調整後 / 安値切り上げ / 出来高1.2倍 / 勢い改善
2026-10-08,7.1-EARLY-RESEARCH-R2,5232,住友大阪セメント,1802.5,-3.9946737683089206,-67.49323715058611,12.878635519337607,-59.16106287723623,1.9734683093695247,-72.34156820622985,75,True,False,False,True,False,False,False,D,False,,,,,,NONE,長期調整後 / 安値切り上げ / 出来高2.0倍 / 勢い改善
2026-10-08,7.1-EARLY-RESEARCH-R2,6841,横河電機,4565.0,-3.569919729615545,-3.894736842105262,-2.5962355190892294,-2.671885926759787,1.5072346700605355,-27.734684185531112,149,False,False,True,True,False,False,False,D,False,,,,,,NONE,長期調整後 / 出来高1.5倍 / 25日線付近
2026-10-08,7.1-EARLY-RESEARCH-R2,7731,ニコン,1892.5,-3.4438775510204134,0.9602560682848704,-3.683941568091631,2.7560893502883044,0.6633029501572131,-20.81589958158996,99,True,False,True,True,False,False,False,D,False,,,,,,NONE,長期調整後 / 安値切り上げ / 25日線付近
2026-10-08,7.1-EARLY-RESEARCH-R2,4506,住友ファーマ,1583.0,-3.180428134556579,-2.1933889403768947,-2.632080899462355,-0.7262100364986313,1.028795448908131,-51.8552311435523,156,True,False,True,True,False,False,False,D,False,,,,,,NONE,長期調整後 / 安値切り上げ / 25日線付近
2026-10-08,7.1-EARLY-RESEARCH-R2,7762,シチズン時計,2355.0,-2.966625463535233,-10.862982588947768,-0.25087981629829104,-2.595791145523141,0.8128171488583459,-19.349315068493155,35,True,True,True,False,False,False,False,D,False,,,,,,NONE,安値切り上げ / 5日線上向き / 25日線付近
2026-10-08,7.1-EARLY-RESEARCH-R2,6981,村田製作所,8267.0,-2.8896981087748186,8.49081364829396,-5.012401520848309,6.733768514119287,0.9584587727115492,-35.88987979837146,73,True,True,True,True,False,False,False,D,False,,,,,,NONE,長期調整後 / 安値切り上げ / 5日線上向き
2026-10-08,7.1-EARLY-RESEARCH-R2,6103,オークマ,4700.0,-2.792140641158225,0.10649627263046302,-2.8187647093158406,1.9655486614309936,0.7100235540434441,-17.68826619964974,39,True,True,True,False,False,False,False,D,False,,,,,,NONE,安値切り上げ / 5日線上向き / 25日線付近
2026-10-08,7.1-EARLY-RESEARCH-R2,6770,アルプスアルパイン,2208.0,-2.7526976436908157,-2.1493463328163043,-2.2153610604867398,-0.6524184476940365,1.0033062496644805,-7.827175954915466,150,True,False,True,False,True,False,False,D,False,,,,,,NONE,高値持ち合い後 / 安値切り上げ / 25日線付近
2026-10-08,7.1-EARLY-RESEARCH-R2,6471,日本精工,1074.0,-2.6733121884911615,-4.278074866310155,-1.6037934719136226,-1.3918983436777,0.825711361310133,-24.07211028632026,147,True,False,True,True,False,False,False,D,False,,,,,,NONE,長期調整後 / 安値切り上げ / 25日線付近
2026-10-08,7.1-EARLY-RESEARCH-R2,6526,ソシオネクスト,2140.0,-2.327704244637152,7.187578261958438,-4.124598810126762,4.664925511831064,0.5725298883726196,-38.699513033514755,226,True,True,True,True,False,False,False,D,False,,,,,,NONE,長期調整後 / 安値切り上げ / 5日線上向き
2026-10-08,7.1-EARLY-RESEARCH-R2,6472,ＮＴＮ,375.0,-1.986408782017779,-5.920722528850986,-0.5062281498050325,-1.5127639457926279,0.97029285482419,-22.997946611909647,101,True,False,True,True,False,False,False,D,False,,,,,,NONE,長期調整後 / 安値切り上げ / 25日線付近
2026-10-08,7.1-EARLY-RESEARCH-R2,9602,東宝,1542.0,-1.6267942583732098,-1.845957988542335,-1.1653047612376262,-2.39023649161898,1.181100722570435,-84.62612163509472,241,False,False,True,True,False,False,False,D,False,,,,,,NONE,長期調整後 / 出来高1.2倍 / 25日線付近
2026-10-08,7.1-EARLY-RESEARCH-R2,6113,アマダ,2580.5,-1.5827612509534683,0.7024390243902445,-1.7583710070510294,3.4102749058267268,0.9483698433251904,-19.959677419354836,99,True,True,True,True,False,False,False,D,False,,,,,,NONE,長期調整後 / 安値切り上げ / 5日線上向き
2026-10-08,7.1-EARLY-RESEARCH-R2,3101,東洋紡,1640.0,-1.501501501501501,-0.24330900243308973,-1.4406742508932284,-0.7215845803670962,1.015854587671879,-15.681233933161954,88,True,False,True,True,False,False,False,D,False,,,,,,NONE,長期調整後 / 安値切り上げ / 25日線付近
2026-10-08,7.1-EARLY-RESEARCH-R2,6861,キーエンス,80000.0,-1.4778325123152691,1.4070224363037065,-1.8295881213911958,1.9284869735393784,0.9492244228833115,-9.008189262966336,41,True,False,True,False,True,False,False,D,False,,,,,,NONE,高値持ち合い後 / 安値切り上げ / 25日線付近
2026-10-08,7.1-EARLY-RESEARCH-R2,4208,ＵＢＥ,3339.0,-1.3589364844904028,-3.77521613832853,-0.41513244990827036,-2.6019485444256363,0.6149498034330567,-10.072717479127391,37,True,False,True,False,True,False,False,D,False,,,,,,NONE,高値持ち合い後 / 安値切り上げ / 25日線付近
2026-10-08,7.1-EARLY-RESEARCH-R2,6645,オムロン,6339.0,-1.3385214007782142,0.7790143084260626,-1.5332749778847299,1.3960957944373575,1.0313354117735558,-12.505175983436857,34,True,False,True,False,True,False,False,D,False,,,,,,NONE,高値持ち合い後 / 安値切り上げ / 25日線付近
2026-10-08,7.1-EARLY-RESEARCH-R2,1928,積水ハウス,3334.0,-1.0682492581602365,-0.179640718562879,-1.0233390785195167,-0.6579104192987018,1.1392025029430122,-12.995824634655529,150,False,False,True,False,True,False,False,D,False,,,,,,NONE,高値持ち合い後 / 出来高1.1倍 / 25日線付近
2026-10-08,7.1-EARLY-RESEARCH-R2,7751,キヤノン,4635.0,-0.8768177929854626,2.9542425588627186,-1.6153784327011422,1.888733546123622,0.9707311657143833,-7.907808464136701,161,True,False,True,False,True,False,False,D,False,,,,,,NONE,高値持ち合い後 / 安値切り上げ / 25日線付近
2026-10-08,7.1-EARLY-RESEARCH-R2,6361,荏原製作所,4718.0,-0.8198444397729654,2.6098303610265328,-1.4723020300295986,4.74947159020267,0.7821538472123557,-31.523947750362847,74,True,True,True,True,False,False,False,D,False,,,,,,NONE,長期調整後 / 安値切り上げ / 5日線上向き
2026-10-08,7.1-EARLY-RESEARCH-R2,8015,豊田通商,7209.0,-0.6066455259892467,-6.132812499999996,0.9265575990107522,-3.0584527004857143,0.9953980190796483,-7.553218774044623,20,True,True,False,False,True,False,False,D,False,,,,,,NONE,高値持ち合い後 / 安値切り上げ / 5日線上向き / 勢い改善
2026-10-08,7.1-EARLY-RESEARCH-R2,9434,ソフトバンク,241.3,0.20764119601328623,1.1316010058675774,-0.07525905545360811,-0.6766991570073766,0.8386074180211153,-4.586793198892836,14,False,True,True,False,False,False,False,D,False,,,,,,NONE,5日線上向き / 25日線付近
2026-10-08,7.1-EARLY-RESEARCH-R2,1605,ＩＮＰＥＸ,3625.0,0.38770423705345447,-4.303062302006333,1.4634698125550378,-5.374222110846594,0.947886527530953,-26.841574167507567,129,False,False,True,True,False,False,False,D,False,,,,,,NONE,長期調整後 / 勢い改善
2026-10-08,7.1-EARLY-RESEARCH-R2,9107,川崎汽船,3279.0,0.4595588235294157,-4.262773722627733,1.525252254186349,-2.547611688342566,0.994924186615072,-9.168975069252072,11,False,False,True,False,False,False,False,D,False,,,,,,NONE,勢い改善 / 25日線付近
2026-10-08,7.1-EARLY-RESEARCH-R2,5802,住友電気工業,2398.0,1.2241452089489346,8.925732455144232,-1.0072879048371233,8.528394793533556,0.8009358626226648,-83.85185185185186,86,True,True,False,True,False,False,False,D,False,,,,,,NONE,長期調整後 / 安値切り上げ / 5日線上向き
2026-10-08,7.1-EARLY-RESEARCH-R2,7735,ＳＣＲＥＥＮホールディングス,15910.0,2.052597819114821,17.72105068442471,-2.377664851991357,15.385173259069074,1.056735231421667,-33.347297863426896,150,True,True,False,True,False,False,False,D,False,,,,,,NONE,長期調整後 / 安値切り上げ / 5日線上向き
2026-10-08,7.1-EARLY-RESEARCH-R2,4021,日産化学,9020.0,6.695055594984622,13.4020618556701,3.3445401310670975,9.417153504260224,0.9303863059714826,-1.139850942569054,1,True,True,False,False,False,False,False,D,False,,,,,,NONE,安値切り上げ / 5日線上向き / 勢い改善
2026-10-08,7.1-EARLY-RESEARCH-R2,6178,日本郵政,2374.5,-5.36070147469111,-4.905887064477376,-4.134229708571766,-4.821266805089031,1.2616810687530846,-8.778332693046487,21,False,False,True,False,True,False,False,E,False,,,,,,NONE,高値持ち合い後 / 出来高1.3倍
2026-10-08,7.1-EARLY-RESEARCH-R2,5714,ＤＯＷＡホールディングス,8405.0,-5.35975678414593,-10.097336613541552,-2.8354226307605424,-6.946517220153137,1.0071436936409415,-32.10823909531503,99,False,False,True,True,False,False,False,E,False,,,,,,NONE,長期調整後
2026-10-08,7.1-EARLY-RESEARCH-R2,7004,カナデビア,1112.0,-5.200341005967601,-6.789606035205365,-3.50293949716626,-4.381921992157944,1.253948114353589,-26.600660066006597,101,False,False,True,True,False,False,False,E,False,,,,,,NONE,長期調整後 / 出来高1.3倍
2026-10-08,7.1-EARLY-RESEARCH-R2,5713,住友金属鉱山,9263.0,-5.189355168884335,-6.801489083408796,-3.488982898032136,-5.441382436168096,1.1397474663497167,-30.353383458646622,148,False,False,True,True,False,False,False,E,False,,,,,,NONE,長期調整後 / 出来高1.1倍
2026-10-08,7.1-EARLY-RESEARCH-R2,1963,日揮ホールディングス,2140.0,-5.120815783639987,-10.516412293539624,-2.491712710255081,-7.378553374190644,1.24807840473817,-26.900085397096497,93,False,False,True,True,False,False,False,E,False,,,,,,NONE,長期調整後 / 出来高1.2倍
2026-10-08,7.1-EARLY-RESEARCH-R2,5711,三菱マテリアル,4795.0,-5.06830330627599,-8.857631628967876,-2.8538953990340206,-6.8541368807111365,1.1686371921221994,-21.892816419612316,26,False,False,True,False,False,False,False,E,False,,,,,,NONE,出来高1.2倍
2026-10-08,7.1-EARLY-RESEARCH-R2,8253,クレディセゾン,4263.0,-4.99219968798752,-7.607282184655395,-3.090379141823671,-6.363668312569192,1.4287709404324087,-13.70445344129555,157,False,False,False,False,True,False,False,E,False,,,,,,NONE,高値持ち合い後 / 出来高1.4倍
2026-10-08,7.1-EARLY-RESEARCH-R2,6503,三菱電機,5051.0,-4.913403614457835,-6.202414113277621,-3.3628000861384293,-3.1900702260112213,1.0884826852057823,-24.454083158839367,91,False,False,True,True,False,False,False,E,False,,,,,,NONE,長期調整後
2026-10-08,7.1-EARLY-RESEARCH-R2,4911,資生堂,3244.0,-4.81220657276995,-4.023668639053257,-3.806289413006636,-5.012883579292571,1.1350101781121011,-15.100758963622084,27,False,False,True,False,False,False,False,E,False,,,,,,NONE,出来高1.1倍
2026-10-08,7.1-EARLY-RESEARCH-R2,4755,楽天グループ,650.2,-4.620800938829395,-12.395580706009158,-1.5219057623271053,-7.638896780572068,1.2238339617030352,-39.148338792700045,220,False,False,True,True,False,False,False,E,False,,,,,,NONE,長期調整後 / 出来高1.2倍
2026-10-08,7.1-EARLY-RESEARCH-R2,7186,横浜フィナンシャルグループ,1837.0,-4.521829521829524,-4.645730599532827,-3.360396871946317,-3.510799226825778,0.8841384381171435,-7.942871460786771,49,False,False,True,False,True,False,False,E,False,,,,,,NONE,高値持ち合い後
2026-10-08,7.1-EARLY-RESEARCH-R2,1802,大林組,2848.0,-4.493628437290409,-5.63286944996687,-3.085411074798692,-5.660377358490565,1.5279303549051324,-35.841405722009455,149,False,False,False,True,False,False,False,E,False,,,,,,NONE,長期調整後 / 出来高1.5倍
2026-10-08,7.1-EARLY-RESEARCH-R2,7013,ＩＨＩ,2590.0,-4.480914622902454,-5.1455777330159265,-3.1945201896484727,-4.714954233746349,1.1877281102457842,-85.66288402989206,251,False,False,True,True,False,False,False,E,False,,,,,,NONE,長期調整後 / 出来高1.2倍
2026-10-08,7.1-EARLY-RESEARCH-R2,7201,日産自動車,283.0,-4.2948934731146355,-10.612760581174996,-1.6417033278208866,-7.046102505485264,0.8777950083491027,-39.27038626609443,156,False,False,True,True,False,False,False,E,False,,,,,,NONE,長期調整後
2026-10-08,7.1-EARLY-RESEARCH-R2,8331,千葉銀行,2706.5,-4.245533345126484,-3.871426034452141,-3.2776768365134483,-2.7928426224562486,1.443961851934222,-6.543508287292821,2,False,False,True,False,False,False,False,E,False,,,,,,NONE,出来高1.4倍 / 25日線付近
2026-10-08,7.1-EARLY-RESEARCH-R2,7011,三菱重工業,3680.0,-4.216553878188445,-3.891355445285971,-3.243715016866952,-3.1782782572090107,1.0456104978307184,-29.339477726574504,148,False,False,True,True,False,False,False,E,False,,,,,,NONE,長期調整後
2026-10-08,7.1-EARLY-RESEARCH-R2,8309,三井住友トラストグループ,1704.0,-4.188923249929721,-4.377104377104379,-3.0946471556536266,-3.853749365231618,0.9160742917569037,-75.63974267333809,48,False,False,True,False,False,False,False,E,False,,,,,,NONE,
2026-10-08,7.1-EARLY-RESEARCH-R2,4523,エーザイ,4631.0,-4.179598593006418,-0.04316857327865131,-4.1688064496867545,-2.6978190528217816,0.8860785961918861,-12.008360250807526,251,False,False,False,False,True,False,False,E,False,,,,,,NONE,高値持ち合い後 / 25日線付近
2026-10-08,7.1-EARLY-RESEARCH-R2,8802,三菱地所,3442.0,-4.175946547884191,-6.058951965065507,-2.6612085566178143,-4.78666902717535,1.552781208621246,-36.34177917514333,150,False,False,True,True,False,False,False,E,False,,,,,,NONE,長期調整後 / 出来高1.6倍
2026-10-08,7.1-EARLY-RESEARCH-R2,1803,清水建設,2038.5,-4.093154551870148,-15.65990897807199,-0.17817730735215065,-10.811945992772198,0.8913522068462305,-43.656716417910445,147,False,False,False,True,False,False,False,E,False,,,,,,NONE,長期調整後
2026-10-08,7.1-EARLY-RESEARCH-R2,3289,東急不動産ホールディングス,1181.5,-3.9040260268401794,-8.552631578947366,-1.7658681321033378,-6.792363521615641,1.4098786656647078,-26.063829787234038,159,False,False,False,True,False,False,False,E,False,,,,,,NONE,長期調整後 / 出来高1.4倍
2026-10-08,7.1-EARLY-RESEARCH-R2,8267,イオン,1201.5,-3.8799999999999946,-13.498920086393085,-0.5052699784017234,-8.654796478477046,1.3218048916646314,-58.8527397260274,211,False,False,False,True,False,False,False,E,False,,,,,,NONE,長期調整後 / 出来高1.3倍
2026-10-08,7.1-EARLY-RESEARCH-R2,8604,野村ホールディングス,1490.0,-3.7778495318049776,-10.024154589371982,-1.2718108844619822,-6.563154528238002,0.8641629135520998,-11.72985781990521,15,False,False,True,False,False,False,False,E,False,,,,,,NONE,
2026-10-08,7.1-EARLY-RESEARCH-R2,1808,長谷工コーポレーション,2550.0,-3.737259343148358,-10.274454609429984,-1.168645690790862,-6.50299190425907,0.7088226031403249,-27.782497875955826,159,False,False,True,True,False,False,False,E,False,,,,,,NONE,長期調整後
2026-10-08,7.1-EARLY-RESEARCH-R2,5411,ＪＦＥホールディングス,1676.5,-3.7047673750717935,-10.443376068376065,-1.0939233579777774,-7.385924207269923,0.9916327488165647,-28.931750741839767,159,False,False,False,True,False,False,False,E,False,,,,,,NONE,長期調整後
2026-10-08,7.1-EARLY-RESEARCH-R2,1812,鹿島建設,4757.0,-3.6459388292485295,-5.163476874003193,-2.3550696107477314,-3.566244739424118,0.9670408637204125,-40.833333333333336,159,False,False,True,True,False,False,False,E,False,,,,,,NONE,長期調整後
2026-10-08,7.1-EARLY-RESEARCH-R2,6753,シャープ,622.4,-3.578621223857481,-2.3533103231879515,-2.990293643060493,-4.3985278847867075,0.9000305483427524,-31.22651933701658,220,False,False,True,True,False,False,False,E,False,,,,,,NONE,長期調整後
2026-10-08,7.1-EARLY-RESEARCH-R2,6326,クボタ,2624.5,-3.546490260933477,-10.027425437092907,-1.0396339016602503,-6.298644731016956,1.4945993526037822,-19.690942472460215,158,False,False,True,True,False,False,False,E,False,,,,,,NONE,長期調整後 / 出来高1.5倍
2026-10-08,7.1-EARLY-RESEARCH-R2,6302,住友重機械工業,5893.0,-3.488372093023251,-1.2897822445561147,-3.1659265318842222,0.39524344952126533,1.0065118995473792,-7.777777777777772,1,False,True,True,False,False,False,False,E,False,,,,,,NONE,5日線上向き / 25日線付近
2026-10-08,7.1-EARLY-RESEARCH-R2,7012,川崎重工業,2270.0,-3.486394557823125,-8.7620578778135,-1.2958800883697497,-4.984345438411431,1.3826882458499026,-87.94476898566118,147,False,False,True,True,False,False,False,E,False,,,,,,NONE,長期調整後 / 出来高1.4倍
2026-10-08,7.1-EARLY-RESEARCH-R2,1801,大成建設,11775.0,-3.4836065573770503,-8.187134502923977,-1.4368229316460561,-5.655086212422278,1.0671872653551584,-43.06092843326886,147,False,False,True,True,False,False,False,E,False,,,,,,NONE,長期調整後
2026-10-08,7.1-EARLY-RESEARCH-R2,7532,パン・パシフィック・インターナショナルホールディングス,680.2,-3.476656733361716,-11.59344944112295,-0.5782943730809786,-6.486293271742416,1.303887530427391,-86.61023622047243,250,False,False,True,True,False,False,False,E,False,,,,,,NONE,長期調整後 / 出来高1.3倍
2026-10-08,7.1-EARLY-RESEARCH-R2,9531,東京瓦斯,5899.0,-3.453355155482818,-4.283628103196491,-2.382448129683695,-5.023957340477603,1.4219530574083894,-25.957072925819002,145,False,False,True,True,False,False,False,E,False,,,,,,NONE,長期調整後 / 出来高1.4倍
2026-10-08,7.1-EARLY-RESEARCH-R2,8801,三井不動産,1425.0,-3.3898305084745783,-4.554588077695909,-2.251183489050601,-3.751333972739679,1.2393725314344854,-33.96663577386468,159,False,False,False,True,False,False,False,E,False,,,,,,NONE,長期調整後 / 出来高1.2倍
2026-10-08,7.1-EARLY-RESEARCH-R2,8601,大和証券グループ本社,1742.0,-3.3564493758668545,-6.670238414144125,-1.6888897723308234,-4.225723805020721,1.080685751434151,-8.21917808219178,21,False,False,False,False,True,False,False,E,False,,,,,,NONE,高値持ち合い後
2026-10-08,7.1-EARLY-RESEARCH-R2,4151,協和キリン,2209.0,-3.347188798949896,-7.573221757322179,-1.4538833596193512,-3.410581547879321,1.132602763841211,-24.141483516483518,149,False,False,True,True,False,False,False,E,False,,,,,,NONE,長期調整後 / 出来高1.1倍
2026-10-08,7.1-EARLY-RESEARCH-R2,2503,キリンホールディングス,2750.5,-3.304622956582881,-4.213825526728188,-2.251166574900834,-3.426845967487091,1.2715744657423635,-12.986396709901927,47,False,False,True,False,True,False,False,E,False,,,,,,NONE,高値持ち合い後 / 出来高1.3倍
2026-10-08,7.1-EARLY-RESEARCH-R2,8830,住友不動産,3075.0,-3.301886792452835,-4.23544067268764,-2.243026624280925,-3.7221185517301913,1.0826397684096254,-62.5,193,False,False,True,True,False,False,False,E,False,,,,,,NONE,長期調整後
2026-10-08,7.1-EARLY-RESEARCH-R2,8697,日本取引所グループ,2251.5,-3.2445208422862026,0.8059100067159264,-3.4459983439651842,0.23416910036329064,0.8905514369705351,-4.73873492701502,9,True,False,True,False,False,False,False,E,False,,,,,,NONE,安値切り上げ / 25日線付近
2026-10-08,7.1-EARLY-RESEARCH-R2,1332,ニッスイ,1082.5,-3.2185963343764,-10.426148117501032,-0.612059305001142,-7.616024032635227,1.1800867758362672,-31.050955414012737,148,False,False,True,True,False,False,False,E,False,,,,,,NONE,長期調整後 / 出来高1.2倍
2026-10-08,7.1-EARLY-RESEARCH-R2,4568,第一三共,2653.5,-3.1746031746031744,-2.9976238347651285,-2.425197215911892,-5.184057629226246,1.2760088510227368,-36.488750598372434,241,False,False,False,True,False,False,False,E,False,,,,,,NONE,長期調整後 / 出来高1.3倍
2026-10-08,7.1-EARLY-RESEARCH-R2,8354,ふくおかフィナンシャルグループ,7546.0,-3.1073446327683607,-4.068141367912537,-2.0903092907902265,-3.450005373840148,1.0787228248536287,-6.377171215880894,8,False,False,False,False,False,False,False,E,False,,,,,,NONE,
2026-10-08,7.1-EARLY-RESEARCH-R2,8031,三井物産,4764.0,-3.0919446704637865,-6.569915669739168,-1.4494657530289945,-5.58259739024275,1.4127101583417385,-28.629213483146067,122,False,False,True,True,False,False,False,E,False,,,,,,NONE,長期調整後 / 出来高1.4倍
2026-10-08,7.1-EARLY-RESEARCH-R2,9532,大阪瓦斯,5521.0,-3.0723314606741603,-4.249046132500867,-2.0100699275489435,-5.732218716278059,1.006092358100959,-19.141769185705915,145,False,False,True,True,False,False,False,E,False,,,,,,NONE,長期調整後
2026-10-08,7.1-EARLY-RESEARCH-R2,8411,みずほフィナンシャルグループ,8350.0,-3.0310068517013122,-4.1331802525832355,-1.9977117885555034,-3.142138621579227,1.0,-6.211389419296864,6,False,False,True,False,False,False,False,E,False,,,,,,NONE,
2026-10-08,7.1-EARLY-RESEARCH-R2,8804,東京建物,3157.0,-3.010752688172047,-5.422408627920916,-1.655150531191818,-4.113666460132914,0.7812040237193969,-27.823502514860543,149,False,False,True,True,False,False,False,E,False,,,,,,NONE,長期調整後
2026-10-08,7.1-EARLY-RESEARCH-R2,8053,住友商事,1699.5,-2.968883813873824,-9.19048891263692,-0.671261585714594,-5.009166517617592,1.199156983513327,-78.14147909967846,101,False,False,False,True,False,False,False,E,False,,,,,,NONE,長期調整後 / 出来高1.2倍
2026-10-08,7.1-EARLY-RESEARCH-R2,2432,ディー・エヌ・エー,2481.5,-2.9336984158028545,-3.1798673429574764,-2.138731580063485,-2.423775332856226,0.763439044977692,-13.986135181975733,220,False,False,True,False,True,False,False,E,False,,,,,,NONE,高値持ち合い後 / 25日線付近
2026-10-08,7.1-EARLY-RESEARCH-R2,9147,ＮＩＰＰＯＮ　ＥＸＰＲＥＳＳホールディングス,5581.0,-2.922247347364759,-0.9407170749023752,-2.6870680786391654,-0.43103140677518414,0.9237832574484173,-4.858506648482786,24,False,False,True,False,True,False,False,E,False,,,,,,NONE,高値持ち合い後 / 25日線付近
2026-10-08,7.1-EARLY-RESEARCH-R2,4507,塩野義製薬,2769.0,-2.910238429172507,-5.91233435270132,-1.432154840997177,-3.6413747024679477,1.0661399587862699,-26.317189994678024,122,False,False,False,True,False,False,False,E,False,,,,,,NONE,長期調整後
2026-10-08,7.1-EARLY-RESEARCH-R2,8001,伊藤忠商事,2138.5,-2.90578887627696,-5.564142194744981,-1.5147533275907148,-4.327946887135148,0.7877276055170742,-78.39680775835943,198,False,False,True,True,False,False,False,E,False,,,,,,NONE,長期調整後
2026-10-08,7.1-EARLY-RESEARCH-R2,5401,日本製鉄,631.3,-2.876923076923088,-9.491039426523306,-0.5041632202922615,-6.444690776955142,1.0241596638655461,-80.29035279425538,251,False,False,False,True,False,False,False,E,False,,,,,,NONE,長期調整後
2026-10-08,7.1-EARLY-RESEARCH-R2,8058,三菱商事,4590.0,-2.7954256670902122,-8.016032064128254,-0.7914176510581488,-5.550113998337358,1.1374984918716748,-23.652694610778447,99,False,False,True,True,False,False,False,E,False,,,,,,NONE,長期調整後 / 出来高1.1倍
2026-10-08,7.1-EARLY-RESEARCH-R2,4689,ＬＩＮＥヤフー,493.0,-2.7421582166107683,-5.465004793863859,-1.3759070181448037,-6.040114962682875,0.7915210539573142,-13.64512173760728,13,False,False,True,False,False,False,False,E,False,,,,,,NONE,
2026-10-08,7.1-EARLY-RESEARCH-R2,7951,ヤマハ,1188.5,-2.7414075286415707,-9.619771863117865,-0.33646456286210435,-5.073401383364484,1.0159484017245228,-17.004189944134072,38,False,False,True,False,False,False,False,E,False,,,,,,NONE,
2026-10-08,7.1-EARLY-RESEARCH-R2,8591,オリックス,5751.0,-2.7068177973270213,-7.256894049346885,-0.8925942849903001,-5.192253163555316,1.0035502891274706,-13.907185628742514,48,False,False,True,False,True,False,False,E,False,,,,,,NONE,高値持ち合い後
2026-10-08,7.1-EARLY-RESEARCH-R2,4503,アステラス製薬,2248.0,-2.705042198658303,-2.388189318280509,-2.1079948690881753,-2.7648015502266587,0.9372770580200734,-17.261685682738314,122,False,False,True,True,False,False,False,E,False,,,,,,NONE,長期調整後 / 25日線付近
2026-10-08,7.1-EARLY-RESEARCH-R2,6301,小松製作所,7397.0,-2.5941532789043986,-2.3627243928194264,-2.003472180699542,-0.2158370430325074,1.7071664458290687,-7.305764411027571,3,False,False,False,False,False,False,False,E,False,,,,,,NONE,出来高1.7倍 / 25日線付近
2026-10-08,7.1-EARLY-RESEARCH-R2,8316,三井住友フィナンシャルグループ,3297.0,-2.542122376588829,-52.73795871559632,10.642367302310252,-43.030625574531896,1.0723263399996557,-54.58677685950413,49,False,False,False,False,False,False,False,E,False,,,,,,NONE,勢い改善
2026-10-08,7.1-EARLY-RESEARCH-R2,8002,丸紅,4710.0,-2.5248344370860876,-8.472600077730274,-0.40668441765351915,-4.890755623763177,0.8039078089533047,-25.568900126422246,159,False,False,True,True,False,False,False,E,False,,,,,,NONE,長期調整後
2026-10-08,7.1-EARLY-RESEARCH-R2,8306,三菱ＵＦＪフィナンシャル・グループ,3504.0,-2.286670384829892,-5.5780113177041235,-0.8921675554038611,-4.127130052204753,0.9037422276903772,-8.10385523210071,49,False,False,True,False,True,False,False,E,False,,,,,,NONE,高値持ち合い後
2026-10-08,7.1-EARLY-RESEARCH-R2,2502,アサヒグループホールディングス,1559.0,-2.2570532915360486,-4.238329238329241,-1.1974709819537384,-3.1845393347740725,1.4070218586740655,-15.363735070575457,250,False,False,True,True,False,False,False,E,False,,,,,,NONE,長期調整後 / 出来高1.4倍
2026-10-08,7.1-EARLY-RESEARCH-R2,7261,マツダ,1082.5,-2.1690013556258436,-6.841652323580039,-0.45858827473083386,-4.973840373608629,0.9146464995748801,-22.401433691756267,155,False,False,True,True,False,False,False,E,False,,,,,,NONE,長期調整後
2026-10-08,7.1-EARLY-RESEARCH-R2,9202,ＡＮＡホールディングス,2907.0,-2.1541568495456076,-2.564102564102566,-1.5131312085199662,-2.148228435246835,1.0806339273276684,-14.975138929511555,149,False,False,False,False,True,False,False,E,False,,,,,,NONE,高値持ち合い後 / 25日線付近
2026-10-08,7.1-EARLY-RESEARCH-R2,9009,京成電鉄,1299.5,-2.1460843373493965,-5.111354508944865,-0.8682457101131802,-3.915827455155796,1.030873523145458,-8.902909218366627,15,False,False,True,False,False,False,False,E,False,,,,,,NONE,
2026-10-08,7.1-EARLY-RESEARCH-R2,6758,ソニーグループ,3706.0,-2.1388962239239473,-1.9576719576719581,-1.6494782345059578,-1.2091614774375148,0.774053193197641,-22.4036850921273,218,False,False,True,True,False,False,False,E,False,,,,,,NONE,長期調整後 / 25日線付近
2026-10-08,7.1-EARLY-RESEARCH-R2,3659,ネクソン,2600.0,-2.1268586485977736,-14.782038675843989,1.5686510203632236,-12.469701050363591,0.526598040976991,-41.362201172755974,172,False,False,False,True,False,False,False,E,False,,,,,,NONE,長期調整後 / 勢い改善
2026-10-08,7.1-EARLY-RESEARCH-R2,2871,ニチレイ,2070.5,-2.0577105014191077,-1.4985727878211175,-1.6830673044638282,-3.8443676623569734,0.9602005640864932,-12.600253271422545,47,False,False,False,False,True,False,False,E,False,,,,,,NONE,高値持ち合い後
2026-10-08,7.1-EARLY-RESEARCH-R2,5019,出光興産,1496.5,-2.0294599018003234,-0.16677785190126748,-1.9877654388250066,-5.226026269458273,0.9176362298780041,-12.408545507755342,17,False,False,True,False,False,False,False,E,False,,,,,,NONE,
2026-10-08,7.1-EARLY-RESEARCH-R2,9023,東京地下鉄,1437.0,-1.9781718963165051,-3.1671159029649565,-1.186392920575266,-4.015710163513941,0.9409749150820266,-18.444948921679906,251,False,False,False,True,False,False,False,E,False,,,,,,NONE,長期調整後
2026-10-08,7.1-EARLY-RESEARCH-R2,3861,王子ホールディングス,828.4,-1.8948365703458037,-5.206545371323945,-0.5932002275148174,-3.719647979321339,1.1520414724664625,-16.382355909962655,150,False,False,False,True,False,False,False,E,False,,,,,,NONE,長期調整後 / 出来高1.2倍
2026-10-08,7.1-EARLY-RESEARCH-R2,8628,松井証券,1110.0,-1.8567639257294433,-6.72268907563025,-0.17609165682188066,-4.501342143299603,0.9068923821039904,-9.461663947797716,19,True,True,False,False,False,False,False,E,False,,,,,,NONE,安値切り上げ / 5日線上向き
2026-10-08,7.1-EARLY-RESEARCH-R2,4543,テルモ,2308.5,-1.8286200297682353,-2.7385717295133727,-1.1439770973898922,-0.35911292202243095,0.7421336268775981,-14.150241725548529,35,False,False,True,False,True,False,False,E,False,,,,,,NONE,高値持ち合い後 / 25日線付近
2026-10-08,7.1-EARLY-RESEARCH-R2,9005,東急,1577.0,-1.7751479289940808,-2.7143738433066056,-1.0965544681674295,-3.5969287949921713,1.2884133587698532,-21.581302834410742,148,False,False,False,True,False,False,False,E,False,,,,,,NONE,長期調整後 / 出来高1.3倍
2026-10-08,7.1-EARLY-RESEARCH-R2,5406,神戸製鋼所,1976.0,-1.5200598056317016,-4.286752240251879,-0.44837174556873194,-2.886855323038817,1.236237920113229,-16.957343979827698,162,False,False,False,True,False,False,False,E,False,,,,,,NONE,長期調整後 / 出来高1.2倍 / 25日線付近
2026-10-08,7.1-EARLY-RESEARCH-R2,8308,りそなホールディングス,2439.5,-1.3745704467353903,-4.051130776794498,-0.36178775253676587,-2.5758785942492035,1.0130783859192696,-6.835974794729804,2,False,False,True,False,False,False,False,E,False,,,,,,NONE,25日線付近
2026-10-08,7.1-EARLY-RESEARCH-R2,8750,第一ライフグループ,1793.5,-1.3476347634763464,-3.9882226980728075,-0.3505790889581445,-3.779091601661,0.8664803445243328,-8.448187850944356,49,False,False,False,False,True,False,False,E,False,,,,,,NONE,高値持ち合い後
2026-10-08,7.1-EARLY-RESEARCH-R2,3401,帝人,1640.5,-1.2936221419975968,-3.7265258215962493,-0.3619906865985345,-2.7978574645083354,1.0730897009966778,-10.10958904109589,24,False,False,True,False,True,False,False,E,False,,,,,,NONE,高値持ち合い後 / 25日線付近
2026-10-08,7.1-EARLY-RESEARCH-R2,9021,西日本旅客鉄道,2868.0,-1.1716057891109632,-4.080267558528428,-0.15153889947885624,-3.6885796416194383,1.1522633744855968,-18.707482993197278,162,False,False,False,True,False,False,False,E,False,,,,,,NONE,長期調整後 / 出来高1.2倍
2026-10-08,7.1-EARLY-RESEARCH-R2,9001,東武鉄道,2765.5,-1.143878462913317,-4.998282377189966,0.10569213138417455,-4.641219268301089,0.728955144027918,-14.539555006180471,47,False,False,False,False,True,False,False,E,False,,,,,,NONE,高値持ち合い後 / 勢い改善
2026-10-08,7.1-EARLY-RESEARCH-R2,7974,任天堂,7851.0,-1.1209068010075596,-10.274285714285714,1.447664627563869,-4.7365968723608765,0.8112076462145581,-46.33629528366371,223,False,False,True,True,False,False,False,E,False,,,,,,NONE,長期調整後 / 勢い改善
2026-10-08,7.1-EARLY-RESEARCH-R2,4519,中外製薬,6107.0,-1.10121457489879,-6.96221815965874,0.6393399650158949,-5.296686392000705,0.6407893472935978,-42.925233644859816,151,False,False,False,True,False,False,False,E,False,,,,,,NONE,長期調整後 / 勢い改善
2026-10-08,7.1-EARLY-RESEARCH-R2,7211,三菱自動車工業,343.5,-1.0941549093003156,-6.55603917301415,0.5448548839532219,-4.8866392725420145,0.7699423226610997,-25.0,160,False,False,True,True,False,False,False,E,False,,,,,,NONE,長期調整後 / 勢い改善
2026-10-08,7.1-EARLY-RESEARCH-R2,9022,東海旅客鉄道,3632.0,-1.089324618736387,-4.295125164690383,-0.015543327563791287,-3.824766181906769,1.135242074328481,-24.80331262939959,154,False,False,True,True,False,False,False,E,False,,,,,,NONE,長期調整後 / 出来高1.1倍
2026-10-08,7.1-EARLY-RESEARCH-R2,9503,関西電力,2644.5,-1.0662177328844002,-10.824481537683361,1.63990265153644,-6.7202347778851586,0.8828274971398249,-13.38028169014085,22,False,False,True,False,True,False,False,E,False,,,,,,NONE,高値持ち合い後 / 勢い改善
2026-10-08,7.1-EARLY-RESEARCH-R2,8252,丸井グループ,2745.5,-0.9738503155996447,-4.33797909407666,0.11064445791952027,-3.550250126468435,0.8961876477973468,-16.295731707317074,250,False,False,False,True,False,False,False,E,False,,,,,,NONE,長期調整後 / 勢い改善
2026-10-08,7.1-EARLY-RESEARCH-R2,7733,オリンパス,1990.0,-0.921085387104803,-1.3386217154189417,-0.5864299582500676,-0.7471396223403759,1.0122932351764748,-9.975118751413703,32,False,False,True,False,True,False,False,E,False,,,,,,NONE,高値持ち合い後 / 25日線付近
2026-10-08,7.1-EARLY-RESEARCH-R2,9433,ＫＤＤＩ,2905.0,-0.8870692596383511,-1.891252955082745,-0.4142560208676649,-2.6122054899226255,0.8534906276776852,-6.920858699134891,46,False,False,True,False,True,False,False,E,False,,,,,,NONE,高値持ち合い後 / 25日線付近
2026-10-08,7.1-EARLY-RESEARCH-R2,8795,Ｔ＆Ｄホールディングス,4735.0,-0.8376963350785305,-2.831931048635339,-0.12971357291969576,-3.0682432321776587,0.9104111927805678,-8.520092735703244,49,False,False,True,False,True,False,False,E,False,,,,,,NONE,高値持ち合い後
2026-10-08,7.1-EARLY-RESEARCH-R2,9008,京王電鉄,746.9,-0.8100929614873853,-3.3139158576051764,0.018386002913908794,-3.8738738738738787,0.7460703538844612,-82.36363636363636,154,False,False,False,True,False,False,False,E,False,,,,,,NONE,長期調整後 / 勢い改善
2026-10-08,7.1-EARLY-RESEARCH-R2,7203,トヨタ自動車,2902.0,-0.786324786324788,-6.26614987080103,0.7802126813754695,-3.1504472033106468,0.8485503050602291,-27.449999999999996,161,False,False,True,True,False,False,False,E,False,,,,,,NONE,長期調整後 / 勢い改善
2026-10-08,7.1-EARLY-RESEARCH-R2,6902,デンソー,1826.0,-0.7608695652173925,-5.241307732226264,0.5494573678391734,-3.5057125040954595,0.9584311395037884,-23.050990307627472,226,False,False,False,True,False,False,False,E,False,,,,,,NONE,長期調整後 / 勢い改善
2026-10-08,7.1-EARLY-RESEARCH-R2,9501,東京電力ホールディングス,514.6,-0.7521697203471511,-8.758865248226943,1.4375465917095847,-4.71005636661258,1.014026783879981,-45.22035341707472,218,False,False,True,True,False,False,False,E,False,,,,,,NONE,長期調整後 / 勢い改善
2026-10-08,7.1-EARLY-RESEARCH-R2,5301,東海カーボン,2297.5,-0.6486486486486531,22.500666488936293,-6.273815270882727,8.915162317961167,0.5339647617859715,-5.179529508873292,1,True,True,True,False,False,False,False,E,False,,,,,,NONE,安値切り上げ / 5日線上向き
2026-10-08,7.1-EARLY-RESEARCH-R2,9201,日本航空,3003.0,-0.6287227001985474,0.2336448598130758,-0.6871339151518163,-0.4554585413393153,0.8524585741551286,-8.221271393643036,149,False,False,True,False,True,False,False,E,False,,,,,,NONE,高値持ち合い後 / 25日線付近
2026-10-08,7.1-EARLY-RESEARCH-R2,8725,ＭＳ＆ＡＤインシュアランスグループホールディングス,4856.0,-0.6139991813344237,-5.690425325305881,0.8086071499920466,-3.581923596219516,0.9043925835879664,-8.824633871573418,11,False,False,True,False,False,False,False,E,False,,,,,,NONE,勢い改善
2026-10-08,7.1-EARLY-RESEARCH-R2,7832,バンダイナムコホールディングス,5721.0,-0.5907906168549082,7.054640718562877,-2.3544507964956276,2.632088807881927,0.9744140822857097,-2.205128205128204,24,True,False,True,False,False,False,False,E,False,,,,,,NONE,安値切り上げ / 25日線付近
2026-10-08,7.1-EARLY-RESEARCH-R2,8766,東京海上ホールディングス,518.1,-0.5566218809980761,-93.46081029912912,22.808580693784204,-90.73550869764249,2.1286572120044283,-93.88167217760981,47,False,False,False,False,False,False,False,E,False,,,,,,NONE,出来高2.1倍 / 勢い改善
2026-10-08,7.1-EARLY-RESEARCH-R2,9301,三菱倉庫,1460.5,-0.44308111792774607,-5.530401034928845,0.9395191408044652,-3.8106904818356546,1.0067287784679089,-11.565243717832274,49,False,False,False,False,True,False,False,E,False,,,,,,NONE,高値持ち合い後 / 勢い改善
2026-10-08,7.1-EARLY-RESEARCH-R2,1925,大和ハウス工業,2166.0,-0.4366812227074246,-53.25852395338801,12.877949765639578,-43.56612091336384,1.486977471024873,-62.68733850129199,158,False,False,False,True,False,False,False,E,False,,,,,,NONE,長期調整後 / 出来高1.5倍 / 勢い改善
2026-10-08,7.1-EARLY-RESEARCH-R2,9502,中部電力,2640.5,-0.26440037771482405,-11.27352150537635,2.5539799986292633,-7.357378429583883,1.476646370827649,-19.64394400486914,60,False,False,False,True,False,False,False,E,False,,,,,,NONE,長期調整後 / 出来高1.5倍 / 勢い改善
2026-10-08,7.1-EARLY-RESEARCH-R2,9007,小田急電鉄,1716.5,-0.08731082654248601,-2.6375496313102653,0.5720765812850803,-3.0773574251835134,0.8579965624013445,-8.331108144192257,47,False,False,False,False,True,False,False,E,False,,,,,,NONE,高値持ち合い後 / 勢い改善
2026-10-08,7.1-EARLY-RESEARCH-R2,6594,ニデック,2140.0,1.904761904761898,-23.897581792318633,7.879157352841556,-14.648543441498363,0.8475810341899737,-27.235634138048283,10,True,False,False,False,False,False,False,E,False,,,,,,NONE,安値切り上げ / 勢い改善
