市場日付,銘柄名,コード,Ticker,株価,総合点,ランク,判定,PER,予想PER,PBR,ROE%,配当利回り%,売上成長率%,利益成長率%,RSI,前日比%,5日%,20日%,MomentumAcceleration%,1か月%,3か月%,6か月%,25日乖離%,60日高値乖離%,20日平均出来高,MA25,MA75,MA200,ATR14,20日安値,買いゾーン下限,買いゾーン上限,損切り目安,利確目安,ATR損切り,Swing損切り,期待利益%,想定損失%,RR比,半導体AI関連,高配当候補,理由,Ver6順位,signal_id,signal_start_date,signal_start_price,SignalAge,days_outside_gate,FirstSignalReturn%,前回Ver6順位,RankVelocity,ScoreVelocity,Phase,Action
2026-09-02,三井住友トラストグループ,8309,8309.T,1787.5,122.0,A,強気買い,13.5,4.8,1.3,10.8,263.0,27.3,59.8,63.0,-1.22,2.11,9.6,-0.29,9.6,24.9,37.1,4.27,-1.22,8000705.0,1714.2,1593.1,1370.3,42.51,1621.0,1734.0,1823.0,1644.0,2056.0,1723.7,1612.9,15.0,-8.0,1.87,,該当,200日線上、75日線上、RSI適正、3か月上昇、6か月上昇、25日線付近、PER良好、PBR良好、ROE良好、配当あり、売上成長、利益成長、値動き安定、下落浅い,1,8309_20260818_01,2026-08-18,1734.0,13.0,0,3.085351787773938,1.0,0.0,0.0,HOLD,HOLD
2026-09-02,野村ホールディングス,8604,8604.T,1623.5,119.4,B,買い候補,12.2,17.9,1.2,11.2,311.0,31.2,42.0,60.3,-1.04,1.25,7.16,-0.54,7.2,20.3,22.2,3.82,-1.13,8237105.0,1563.7,1474.2,1348.2,37.71,1497.0,1575.0,1656.0,1494.0,1867.0,1566.9,1489.5,15.0,-8.0,1.88,,,200日線上、75日線上、RSI適正、3か月上昇、6か月上昇、25日線付近、PER良好、PBR良好、ROE良好、配当あり、売上成長、利益成長、値動き安定、下落浅い,2,8604_20260818_01,2026-08-18,1554.0,13.0,0,4.472329472329473,2.0,0.0,1.3000000000000114,HOLD,HOLD
2026-09-02,大和証券グループ本社,8601,8601.T,1842.0,118.2,B,買い候補,14.8,18.7,1.4,11.0,376.0,57.2,82.6,57.2,-0.99,1.54,4.33,0.46,4.3,20.2,18.6,1.99,-1.97,4222440.0,1806.0,1694.7,1534.4,39.86,1719.0,1787.0,1879.0,1695.0,2118.0,1782.2,1710.4,15.0,-8.0,1.88,,,200日線上、75日線上、RSI適正、3か月上昇、6か月上昇、25日線付近、PER良好、PBR良好、ROE良好、配当あり、売上成長、利益成長、値動き安定、下落浅い,3,8601_20260818_01,2026-08-18,1771.0,12.0,0,4.009034443817061,3.0,0.0,0.4000000000000057,HOLD,HOLD
2026-09-02,スズキ,7269,7269.T,2215.5,116.7,B,買い候補,9.7,12.6,1.2,15.3,231.0,22.0,80.0,62.5,-1.75,2.9,16.36,-1.19,16.4,19.4,-1.0,6.51,-1.75,6707200.0,2080.0,1994.2,2070.8,59.68,1806.0,2149.0,2260.0,2038.0,2548.0,2126.0,1797.0,15.0,-8.0,1.87,,,200日線上、75日線上、RSI適正、3か月上昇、25日線付近、PER良好、PBR良好、ROE良好、配当あり、売上成長、利益成長、値動き安定、下落浅い,4,7269_20260818_01,2026-08-18,2081.0,12.0,0,6.463238827486784,11.0,7.0,5.6000000000000085,HOLD,HOLD
2026-09-02,MS&ADインシュアランスグループホールディングス,8725,8725.T,5180.0,116.4,B,買い候補,9.8,12.6,1.1,16.1,270.0,2.4,49.8,66.6,-0.13,1.89,9.24,-0.42,9.2,22.0,22.3,4.81,-0.13,3753455.0,4942.2,4636.3,4149.2,111.59,4731.0,5025.0,5284.0,4766.0,5957.0,5012.6,4707.3,15.0,-8.0,1.88,,,200日線上、75日線上、RSI適正、3か月上昇、6か月上昇、25日線付近、PER良好、PBR良好、ROE良好、配当あり、売上成長、利益成長、値動き安定、下落浅い,5,8725_20260818_01,2026-08-18,4985.0,13.0,0,3.911735205616851,4.0,-1.0,-0.3999999999999915,HOLD,HOLD
2026-09-02,みずほフィナンシャルグループ,8411,8411.T,8703.0,114.7,B,買い候補,15.5,25.9,1.8,12.5,172.0,35.0,49.7,60.7,0.07,4.68,7.03,2.92,7.0,13.8,29.3,4.24,-0.82,7955465.0,8348.8,8014.2,6925.7,238.81,7966.0,8442.0,8877.0,8007.0,10008.0,8344.8,7926.2,15.0,-8.0,1.87,,該当,200日線上、75日線上、RSI適正、3か月上昇、6か月上昇、25日線付近、PER良好、PBR良好、ROE良好、配当あり、売上成長、利益成長、値動き安定、下落浅い,6,8411_20260818_01,2026-08-18,8531.0,13.0,0,2.01617629820654,5.0,-1.0,-0.29999999999999716,HOLD,HOLD
2026-09-02,第一生命ホールディングス,8750,8750.T,1869.5,114.2,B,買い候補,15.4,5.1,1.5,13.6,385.0,28.0,278.3,54.7,0.05,2.47,-0.61,2.62,-0.6,13.5,22.5,0.68,-4.57,8220485.0,1856.9,1798.8,1527.2,43.48,1750.0,1813.0,1907.0,1720.0,2150.0,1804.3,1741.2,15.0,-8.0,1.88,,該当,200日線上、75日線上、RSI適正、3か月上昇、6か月上昇、25日線付近、PER良好、PBR良好、ROE良好、配当あり、売上成長、利益成長、値動き安定、下落浅い,7,8750_20260827_02,2026-08-27,1817.0,4.0,0,2.8893780957622406,6.0,-1.0,0.29999999999999716,MATURE,SKIP
2026-09-02,千葉銀行,8331,8331.T,2863.0,113.8,B,買い候補,19.6,25.9,1.5,8.3,224.0,51.8,40.2,62.1,0.28,1.45,8.8,-0.75,8.8,20.2,29.4,4.38,0.0,2282455.0,2742.8,2592.4,2204.2,75.98,2584.5,2777.0,2920.0,2634.0,3292.0,2749.0,2571.6,15.0,-8.0,1.87,,,200日線上、75日線上、RSI適正、3か月上昇、6か月上昇、25日線付近、PER良好、PBR良好、ROE良好、配当あり、売上成長、利益成長、値動き安定、下落浅い,8,8331_20260818_01,2026-08-18,2837.5,12.0,0,0.8986784140969206,9.0,1.0,0.7000000000000028,HOLD,HOLD
2026-09-02,三菱UFJフィナンシャル・グループ,8306,8306.T,3703.0,112.4,B,買い候補,15.7,24.4,1.8,9.5,259.0,28.8,50.9,60.0,0.08,3.46,6.71,1.79,6.7,16.9,33.8,3.23,-2.53,33155710.0,3587.1,3397.2,2940.3,89.24,3415.0,3592.0,3777.0,3407.0,4258.0,3569.1,3397.9,15.0,-8.0,1.87,,該当,200日線上、75日線上、RSI適正、3か月上昇、6か月上昇、25日線付近、PER良好、PBR良好、ROE良好、配当あり、売上成長、利益成長、値動き安定、下落浅い,9,8306_20260818_01,2026-08-18,3654.0,12.0,0,1.3409961685823646,8.0,-1.0,-1.0999999999999943,HOLD,HOLD
2026-09-02,キリンホールディングス,2503,2503.T,3052.0,111.1,B,買い候補,12.5,17.8,1.8,15.1,248.0,9.2,164.9,56.0,-0.29,-0.88,6.86,-2.59,6.9,17.7,12.8,1.09,-2.59,2981025.0,3019.0,2847.6,2590.7,61.82,2805.5,2960.0,3113.0,2808.0,3510.0,2959.3,2791.5,15.0,-8.0,1.88,,,200日線上、75日線上、RSI適正、3か月上昇、6か月上昇、25日線付近、PER良好、PBR良好、ROE良好、配当あり、売上成長、利益成長、値動き安定、下落浅い,10,2503_20260818_01,2026-08-18,3000.0,13.0,0,1.7333333333333423,7.0,-3.0,-2.6000000000000085,MATURE,SKIP
2026-09-02,ふくおかフィナンシャルグループ,8354,8354.T,7937.0,110.7,B,買い候補,17.6,19.5,1.3,8.7,264.0,13.1,25.8,63.1,-0.05,2.45,7.49,0.58,7.5,17.6,23.6,4.38,-0.05,615580.0,7604.1,7202.9,6282.9,198.81,7152.0,7699.0,8096.0,7302.0,9128.0,7638.8,7116.2,15.0,-8.0,1.88,,,200日線上、75日線上、RSI適正、3か月上昇、6か月上昇、25日線付近、PER良好、PBR良好、ROE良好、配当あり、売上成長、利益成長、値動き安定、下落浅い,11,8354_20260821_01,2026-08-21,7564.0,7.0,0,4.931253305129557,10.0,-1.0,-0.5999999999999943,HOLD,HOLD
2026-09-02,大塚ホールディングス,4578,4578.T,12335.0,110.2,B,買い候補,16.1,23.8,2.0,13.4,161.0,17.4,32.9,57.9,-0.44,0.9,2.66,0.23,2.7,15.5,19.2,2.07,-2.91,1119160.0,12085.4,11319.9,10357.4,326.98,11805.0,11965.0,12582.0,11348.0,14185.0,11844.5,11746.0,15.0,-8.0,1.87,,,200日線上、75日線上、RSI適正、3か月上昇、6か月上昇、25日線付近、PER良好、PBR良好、ROE良好、配当あり、売上成長、利益成長、値動き安定、下落浅い,12,4578_20260818_01,2026-08-18,12040.0,11.0,0,2.4501661129568086,20.0,8.0,2.5,ACCELERATION,ENTRY
2026-09-02,キッコーマン,2801,2801.T,1824.0,110.0,B,買い候補,27.7,28.4,2.9,12.1,137.0,15.0,26.4,60.5,-0.16,-0.49,15.7,-4.42,15.7,25.8,26.9,3.24,-1.14,3689250.0,1766.7,1628.1,1497.0,46.64,1556.0,1769.0,1860.0,1678.0,2098.0,1754.0,1548.2,15.0,-8.0,1.88,,,200日線上、75日線上、RSI適正、3か月上昇、6か月上昇、25日線付近、PER良好、ROE良好、配当あり、売上成長、利益成長、値動き安定、下落浅い,13,2801_20260827_01,2026-08-27,1810.0,4.0,0,0.7734806629834168,14.0,1.0,0.7999999999999972,MATURE,SKIP
2026-09-02,ブリヂストン,5108,5108.T,4134.0,109.6,C,買い候補,20.9,7.4,1.4,11.3,312.0,14.2,210.1,58.9,-0.77,0.17,6.49,-1.45,6.5,23.3,13.8,1.0,-4.31,3839515.0,4093.2,3677.0,3516.8,81.27,3868.0,4010.0,4217.0,3803.0,4754.0,4012.1,3848.7,15.0,-8.0,1.87,,,200日線上、75日線上、RSI適正、3か月上昇、6か月上昇、25日線付近、PER良好、PBR良好、ROE良好、配当あり、売上成長、利益成長、値動き安定、下落浅い,14,5108_20260818_01,2026-08-18,4074.0,12.0,0,1.4727540500736325,12.0,-2.0,0.19999999999998863,HOLD,HOLD
2026-09-02,豊田通商,8015,8015.T,7638.0,109.0,C,買い候補,21.8,21.7,2.8,16.1,162.0,37.6,40.1,64.6,-0.9,1.37,12.26,-1.7,12.3,18.7,11.0,5.43,-0.9,2123645.0,7245.0,6654.3,6179.1,231.75,6868.0,7409.0,7791.0,7027.0,8784.0,7290.4,6833.7,15.0,-8.0,1.88,,,200日線上、75日線上、RSI適正、3か月上昇、6か月上昇、25日線付近、PER良好、ROE良好、配当あり、売上成長、利益成長、値動き安定、下落浅い,15,8015_20260828_01,2026-08-28,7583.0,3.0,0,0.7253066068838132,18.0,3.0,0.9000000000000057,HOLD,HOLD
2026-09-02,三井住友フィナンシャルグループ,8316,8316.T,6990.0,109.0,C,買い候補,15.7,22.0,1.6,8.6,193.0,24.8,35.0,58.7,-0.27,3.83,7.29,2.01,7.3,14.0,23.9,3.22,-3.11,10021920.0,6772.2,6570.8,5730.1,163.3,6467.0,6780.0,7130.0,6431.0,8038.0,6745.1,6434.7,15.0,-8.0,1.87,,該当,200日線上、75日線上、RSI適正、3か月上昇、6か月上昇、25日線付近、PER良好、PBR良好、ROE良好、配当あり、売上成長、利益成長、値動き安定、下落浅い,16,8316_20260827_02,2026-08-27,6776.0,4.0,0,3.1582054309327035,13.0,-3.0,-0.29999999999999716,ACCELERATION,ENTRY
2026-09-02,アステラス製薬,4503,4503.T,2405.5,108.9,C,買い候補,14.8,31.7,2.2,21.3,331.0,26.7,107.2,60.4,-0.37,-0.62,10.93,-3.35,10.9,11.9,-1.7,3.26,-0.62,6110025.0,2329.5,2224.8,2244.5,54.43,2135.5,2333.0,2454.0,2213.0,2766.0,2323.9,2124.8,15.0,-8.0,1.87,,,200日線上、75日線上、RSI適正、3か月上昇、25日線付近、PER良好、PBR良好、ROE良好、配当あり、売上成長、利益成長、値動き安定、下落浅い,17,4503_20260820_01,2026-08-20,2418.0,8.0,0,-0.5169561621174545,16.0,-1.0,0.10000000000000853,MATURE,SKIP
2026-09-02,トヨタ自動車,7203,7203.T,3183.0,108.1,C,買い候補,9.1,9.8,1.0,12.4,308.0,10.4,86.9,61.4,-1.85,3.68,9.06,1.42,9.1,12.1,-18.1,4.17,-1.85,23832520.0,3055.5,2929.4,3167.3,76.44,2869.5,3088.0,3247.0,2928.0,3660.0,3068.3,2855.2,15.0,-8.0,1.87,,,200日線上、75日線上、RSI適正、3か月上昇、25日線付近、PER良好、PBR良好、ROE良好、配当あり、売上成長、利益成長、値動き安定、下落浅い,18,7203_20260901_01,2026-09-01,3230.0,1.0,0,-1.4551083591331282,15.0,-3.0,-0.7000000000000028,ACCELERATION,ENTRY
2026-09-02,オリックス,8591,8591.T,6386.0,107.9,C,買い候補,11.3,17.2,1.5,14.0,267.0,17.4,170.6,53.6,0.39,0.96,0.92,0.74,0.9,2.2,20.4,1.12,-4.3,3125980.0,6315.2,6303.9,5323.7,142.3,5956.0,6194.0,6514.0,5875.0,7344.0,6172.5,5926.2,15.0,-8.0,1.87,,該当,200日線上、75日線上、RSI適正、3か月上昇、6か月上昇、25日線付近、PER良好、PBR良好、ROE良好、配当あり、売上成長、利益成長、値動き安定、下落浅い,19,8591_20260901_02,2026-09-01,6345.0,1.0,0,0.6461780929865935,27.0,8.0,1.3000000000000114,ACCELERATION,ENTRY
2026-09-02,日本たばこ産業（JT）,2914,2914.T,7055.0,107.8,C,買い候補,21.0,23.4,2.9,14.3,386.0,17.0,44.6,60.6,0.07,1.03,3.46,0.17,3.5,19.8,20.6,1.18,-1.12,3175690.0,6972.8,6378.3,5936.9,124.31,6671.0,6843.0,7196.0,6491.0,8113.0,6868.5,6637.6,15.0,-8.0,1.88,,該当,200日線上、75日線上、RSI適正、3か月上昇、6か月上昇、25日線付近、PER良好、ROE良好、配当あり、売上成長、利益成長、値動き安定、下落浅い,20,2914_20260821_01,2026-08-21,6980.0,5.0,0,1.0744985673352359,28.0,8.0,1.5999999999999943,ACCELERATION,ENTRY
2026-09-02,日本郵政,6178,6178.T,2551.0,107.5,C,買い候補,19.7,20.5,0.7,5.1,235.0,6.4,97.8,68.9,-0.12,6.27,9.6,3.87,9.6,18.9,31.0,6.49,-0.12,4780155.0,2395.5,2290.6,1958.6,60.5,2282.0,2474.0,2602.0,2347.0,2934.0,2460.2,2270.6,15.0,-8.0,1.88,,,200日線上、75日線上、RSI適正、3か月上昇、6か月上昇、25日線付近、PER良好、PBR良好、ROE良好、配当あり、売上成長、利益成長、値動き安定、下落浅い,21,6178_20260828_01,2026-08-28,2425.5,2.0,0,5.174190888476593,25.0,4.0,0.7999999999999972,ACCELERATION,ENTRY
2026-09-02,りそなホールディングス,8308,8308.T,2526.0,107.0,C,買い候補,22.2,28.7,1.9,9.2,146.0,15.8,16.3,63.6,-0.36,3.27,15.26,-0.55,15.3,20.5,38.1,6.4,-0.36,8560090.0,2374.0,2250.4,1939.2,68.81,2183.5,2450.0,2577.0,2324.0,2905.0,2422.8,2172.6,15.0,-8.0,1.88,,該当,200日線上、75日線上、RSI適正、3か月上昇、6か月上昇、25日線付近、PER良好、PBR良好、ROE良好、配当あり、売上成長、利益成長、値動き安定、下落浅い,22,8308_20260827_01,2026-08-27,2430.0,4.0,0,3.950617283950608,24.0,2.0,0.0,HOLD,HOLD
2026-09-02,DOWAホールディングス,5714,5714.T,9831.0,107.0,C,買い候補,9.4,20.3,1.3,18.5,331.0,58.2,268.9,54.3,-3.62,-5.92,19.93,-10.91,19.9,-0.0,-13.5,4.48,-5.92,652580.0,9409.2,9304.9,8734.9,393.1,8330.0,9536.0,10028.0,9045.0,11306.0,9241.4,8288.4,15.0,-8.0,1.88,,,200日線上、75日線上、RSI適正、25日線付近、PER良好、PBR良好、ROE良好、配当あり、売上成長、利益成長、値動き安定、下落浅い,23,5714_20260902_02,2026-09-02,9831.0,0.0,0,0.0,37.0,14.0,4.900000000000006,MATURE,SKIP
2026-09-02,DIC,4631,4631.T,5230.0,106.8,C,買い候補,8.8,16.0,1.0,12.3,302.0,18.9,157.3,56.9,-1.23,3.26,17.87,-1.21,17.9,7.8,14.7,4.05,-7.84,757085.0,5026.4,4846.9,4159.6,168.12,4508.0,5073.0,5335.0,4812.0,6014.0,4977.8,4485.5,15.0,-8.0,1.88,,,200日線上、75日線上、RSI適正、3か月上昇、6か月上昇、25日線付近、PER良好、PBR良好、ROE良好、配当あり、売上成長、利益成長、下落浅い,24,4631_20260901_02,2026-09-01,5230.0,1.0,0,0.0,17.0,-7.0,-1.7999999999999972,NEW,WATCH
2026-09-02,テルモ,4543,4543.T,2523.0,106.7,C,買い候補,27.4,24.8,2.2,10.9,141.0,19.9,68.3,54.1,-0.84,-1.91,8.61,-4.06,8.6,10.9,24.7,0.99,-5.59,4734190.0,2498.3,2339.9,2228.8,69.81,2280.0,2447.0,2573.0,2321.0,2901.0,2418.3,2268.6,15.0,-8.0,1.87,,,200日線上、75日線上、RSI適正、3か月上昇、6か月上昇、25日線付近、PER良好、PBR良好、ROE良好、配当あり、売上成長、利益成長、値動き安定、下落浅い,25,4543_20260821_01,2026-08-21,2569.0,7.0,0,-1.790579992214869,19.0,-6.0,-1.0,MATURE,SKIP
2026-09-02,日産化学,4021,4021.T,8203.0,106.3,C,買い候補,22.3,25.4,4.4,21.8,255.0,12.8,23.0,55.8,-1.47,0.43,8.22,-1.63,8.2,10.3,21.5,3.97,-5.13,646500.0,7890.0,7834.2,6600.0,249.38,7474.0,7957.0,8367.0,7547.0,9433.0,7828.9,7436.6,15.0,-8.0,1.87,,,200日線上、75日線上、RSI適正、3か月上昇、6か月上昇、25日線付近、PER良好、ROE良好、配当あり、売上成長、利益成長、値動き安定、下落浅い,26,4021_20260831_02,2026-08-31,8153.0,2.0,0,0.6132711885195707,22.0,-4.0,-1.2000000000000028,NEW,WATCH
2026-09-02,ニチレイ,2871,2871.T,2164.0,105.1,C,買い候補,19.8,9.2,1.9,10.3,232.0,34.1,22.5,50.5,0.3,1.62,0.42,1.52,0.4,12.4,2.5,-0.79,-8.07,1289265.0,2181.2,2089.8,1979.1,53.05,2050.0,2099.0,2207.0,1991.0,2489.0,2084.4,2039.8,15.0,-8.0,1.88,,,200日線上、75日線上、RSI適正、3か月上昇、6か月上昇、25日線付近、PER良好、PBR良好、ROE良好、配当あり、売上成長、利益成長、値動き安定、下落浅い,27,2871_20260818_01,2026-08-18,2141.5,13.0,0,1.050665421433572,21.0,-6.0,-2.4000000000000057,RE-ENTRY,WATCH
2026-09-02,UBE,4208,4208.T,3608.0,104.8,C,監視候補,14.7,10.5,0.8,5.6,442.0,21.3,-3.9,64.2,-0.33,1.86,14.65,-1.8,14.6,22.7,29.5,4.12,-1.66,908500.0,3465.1,3225.4,2779.0,70.3,3168.0,3500.0,3680.0,3319.0,4149.0,3502.5,3152.2,15.0,-8.0,1.87,,,200日線上、75日線上、RSI適正、3か月上昇、6か月上昇、25日線付近、PER良好、PBR良好、ROE良好、配当あり、売上成長、値動き安定、下落浅い,28,,,,,0,,32.0,4.0,-0.10000000000000853,,SKIP
2026-09-02,オリンパス,7733,7733.T,2106.0,104.0,C,監視候補,34.4,16.8,3.0,10.6,141.0,16.4,122.6,59.8,-1.1,-1.27,16.1,-5.29,16.1,11.9,47.2,3.48,-3.7,4913610.0,2035.2,1849.8,1779.5,58.82,1794.5,2043.0,2148.0,1938.0,2422.0,2017.8,1785.5,15.0,-8.0,1.88,,,200日線上、75日線上、RSI適正、3か月上昇、6か月上昇、25日線付近、ROE良好、配当あり、売上成長、利益成長、値動き安定、下落浅い,29,7733_20260828_01,2026-08-28,2148.5,2.0,1,-1.9781242727484272,23.0,-6.0,-3.200000000000003,MATURE,SKIP
2026-09-02,T&Dホールディングス,8795,8795.T,4944.0,103.9,C,監視候補,17.7,20.0,1.4,9.3,331.0,-12.0,20.2,54.3,-0.12,1.92,-0.5,2.04,-0.5,19.9,24.0,0.77,-4.48,1536010.0,4906.0,4751.1,4113.5,119.79,4675.0,4796.0,5043.0,4548.0,5686.0,4764.3,4651.6,15.0,-8.0,1.87,,,200日線上、75日線上、RSI適正、3か月上昇、6か月上昇、25日線付近、PER良好、PBR良好、ROE良好、配当あり、利益成長、値動き安定、下落浅い,30,,,,,0,,41.0,11.0,2.700000000000003,,SKIP
2026-09-02,コナミグループ,9766,9766.T,21740.0,103.8,C,監視候補,26.2,36.1,5.1,21.2,102.0,33.6,64.2,55.3,-1.11,-2.25,8.4,-4.35,8.4,11.0,6.8,0.82,-4.25,436150.0,21563.2,19701.3,20368.1,698.27,19865.0,21088.0,22175.0,20001.0,25001.0,20692.6,19765.7,15.0,-8.0,1.88,,,200日線上、75日線上、RSI適正、3か月上昇、6か月上昇、25日線付近、PER良好、ROE良好、配当あり、売上成長、利益成長、値動き安定、下落浅い,31,9766_20260824_01,2026-08-24,22160.0,4.0,1,-1.895306859205781,30.0,-1.0,-1.5,MATURE,SKIP
2026-09-02,NEC,6701,6701.T,4861.0,103.3,C,監視候補,24.0,6.8,2.9,14.2,80.0,14.5,158.6,55.3,-2.88,4.07,5.72,2.64,5.7,15.1,14.3,1.46,-5.94,6362575.0,4791.0,4357.8,4664.1,175.27,4551.0,4715.0,4958.0,4472.0,5590.0,4598.1,4528.2,15.0,-8.0,1.87,該当,,200日線上、75日線上、RSI適正、3か月上昇、6か月上昇、25日線付近、PER良好、ROE良好、配当あり、売上成長、利益成長、値動き安定、下落浅い,32,,,,,0,,34.0,2.0,-0.6000000000000085,,SKIP
2026-09-02,長谷工コーポレーション,1808,1808.T,2925.0,102.7,C,監視候補,14.3,13.8,1.4,11.6,337.0,9.2,73.5,61.2,-1.28,2.36,10.13,-0.17,10.1,11.4,-11.4,4.08,-1.28,800290.0,2810.2,2769.3,2904.9,55.36,2632.5,2837.0,2984.0,2691.0,3364.0,2842.0,2619.3,15.0,-8.0,1.88,,,200日線上、75日線上、RSI適正、3か月上昇、25日線付近、PER良好、PBR良好、ROE良好、配当あり、売上成長、利益成長、値動き安定、下落浅い,33,,,,,0,,36.0,3.0,-0.20000000000000284,,SKIP
2026-09-02,日東電工,6988,6988.T,3541.0,102.0,C,監視候補,18.0,18.5,2.1,12.5,179.0,10.4,11.1,59.3,-1.09,4.39,4.95,3.16,4.9,15.8,0.5,2.25,-1.09,2398665.0,3463.2,3258.6,3387.1,92.93,3347.0,3435.0,3612.0,3258.0,4072.0,3401.6,3330.3,15.0,-8.0,1.88,該当,,200日線上、75日線上、RSI適正、3か月上昇、6か月上昇、25日線付近、PER良好、PBR良好、ROE良好、配当あり、売上成長、利益成長、値動き安定、下落浅い,34,,,,,0,,38.0,4.0,0.0,,SKIP
2026-09-02,ヤマハ,7951,7951.T,1342.0,101.5,C,監視候補,25.4,17.6,1.2,6.8,192.0,12.0,362.3,59.4,-0.81,2.8,7.83,0.84,7.8,19.8,13.7,1.71,-4.55,2479580.0,1319.5,1206.5,1151.4,28.78,1250.0,1302.0,1369.0,1235.0,1543.0,1298.8,1243.8,15.0,-8.0,1.88,,,200日線上、75日線上、RSI適正、3か月上昇、6か月上昇、25日線付近、PER良好、PBR良好、ROE良好、配当あり、売上成長、利益成長、値動き安定、下落浅い,35,,,,,0,,40.0,5.0,-0.20000000000000284,,SKIP
2026-09-02,クボタ,6326,6326.T,2963.0,101.4,C,監視候補,12.6,15.1,1.2,10.0,173.0,18.6,98.3,62.4,-1.36,6.07,14.69,2.4,14.7,2.8,-4.4,7.62,-1.36,4524590.0,2753.2,2756.0,2587.0,96.24,2493.5,2874.0,3022.0,2726.0,3407.0,2818.6,2481.0,15.0,-8.0,1.87,,,200日線上、75日線上、RSI適正、3か月上昇、25日線付近、PER良好、PBR良好、ROE良好、配当あり、売上成長、利益成長、値動き安定、下落浅い,36,,,,,0,,47.0,11.0,1.1000000000000085,,SKIP
2026-09-02,リコー,7752,7752.T,1718.5,101.3,C,監視候補,17.6,14.9,0.8,7.5,259.0,8.4,284.9,64.5,-1.55,1.69,13.36,-1.65,13.4,13.4,19.9,5.01,-1.55,2590990.0,1636.5,1531.5,1432.0,38.92,1503.5,1667.0,1753.0,1581.0,1976.0,1660.1,1496.0,15.0,-8.0,1.87,,,200日線上、75日線上、RSI適正、3か月上昇、6か月上昇、25日線付近、PER良好、PBR良好、ROE良好、配当あり、売上成長、利益成長、値動き安定、下落浅い,37,,,,,0,,35.0,-2.0,-1.7000000000000028,,SKIP
2026-09-02,リクルートホールディングス,6098,6098.T,16915.0,101.0,C,監視候補,48.6,55.9,13.3,36.2,15.0,18.9,73.7,62.0,-3.32,-1.4,36.25,-10.46,36.2,59.3,153.4,9.55,-7.14,4080765.0,15440.8,12672.9,9546.9,629.16,12490.0,16408.0,17253.0,15562.0,19452.0,15971.3,12427.5,15.0,-8.0,1.88,,,200日線上、75日線上、RSI適正、3か月上昇、6か月上昇、ROE良好、配当あり、売上成長、利益成長、下落浅い,38,,,,,0,,124.0,86.0,20.0,,SKIP
2026-09-02,住友商事,8053,8053.T,1819.0,100.6,C,監視候補,14.6,4.1,1.8,13.6,216.0,9.0,13.2,62.9,-1.65,3.23,9.41,0.88,9.4,7.4,11.6,4.63,-1.65,8933565.0,1738.5,1670.6,1532.1,51.23,1657.5,1764.0,1855.0,1673.0,2092.0,1742.2,1649.2,15.0,-8.0,1.87,,,200日線上、75日線上、RSI適正、3か月上昇、6か月上昇、25日線付近、PER良好、PBR良好、ROE良好、配当あり、売上成長、利益成長、値動き安定、下落浅い,39,,,,,0,,43.0,4.0,-0.4000000000000057,,SKIP
2026-09-02,協和キリン,4151,4151.T,2558.0,100.4,C,監視候補,16.5,18.4,1.5,9.3,261.0,15.3,83.0,46.7,-4.8,-0.58,4.32,-1.66,4.3,12.8,-7.6,-0.86,-6.49,1096565.0,2580.2,2525.2,2488.1,65.17,2424.0,2481.0,2609.0,2353.0,2942.0,2460.2,2411.9,15.0,-8.0,1.87,,,200日線上、75日線上、RSI適正、3か月上昇、25日線付近、PER良好、PBR良好、ROE良好、配当あり、売上成長、利益成長、値動き安定、下落浅い,40,,,,,0,,52.0,12.0,1.2000000000000028,,SKIP
2026-09-02,コンコルディア・フィナンシャルグループ,7186,7186.T,1960.0,100.3,C,監視候補,20.8,26.5,1.5,,245.0,12.6,21.7,60.9,0.2,1.98,7.6,0.08,7.6,19.5,22.5,3.88,-1.13,3539360.0,1886.7,1802.6,1552.0,50.02,1786.0,1901.0,1999.0,1803.0,2254.0,1885.0,1777.1,15.0,-8.0,1.87,,,200日線上、75日線上、RSI適正、3か月上昇、6か月上昇、25日線付近、PER良好、PBR良好、配当あり、売上成長、利益成長、値動き安定、下落浅い,41,,,,,0,,50.0,9.0,0.7000000000000028,,SKIP
2026-09-02,クレディセゾン,8253,8253.T,4686.0,100.2,C,監視候補,11.0,13.9,0.9,9.3,338.0,4.6,38.9,51.1,-1.12,-2.52,3.7,-3.44,3.7,15.8,3.8,0.24,-3.26,596560.0,4674.8,4474.3,4273.6,105.21,4538.0,4545.0,4780.0,4311.0,5389.0,4528.2,4515.3,15.0,-8.0,1.87,,,200日線上、75日線上、RSI適正、3か月上昇、6か月上昇、25日線付近、PER良好、PBR良好、ROE良好、配当あり、売上成長、利益成長、値動き安定、下落浅い,42,,,,,0,,42.0,0.0,-0.8999999999999915,,SKIP
2026-09-02,京成電鉄,9009,9009.T,1347.0,100.1,C,監視候補,13.5,4.1,1.2,9.4,161.0,4.0,21.2,63.9,-0.74,0.75,7.59,-1.15,7.6,29.2,0.3,2.98,-1.25,1470905.0,1308.0,1199.0,1218.3,27.36,1233.0,1307.0,1374.0,1239.0,1549.0,1306.0,1226.8,15.0,-8.0,1.87,,,200日線上、75日線上、RSI適正、3か月上昇、6か月上昇、25日線付近、PER良好、PBR良好、ROE良好、配当あり、売上成長、利益成長、値動き安定、下落浅い,43,,,,,0,,44.0,1.0,-0.6000000000000085,,SKIP
2026-09-02,日本郵船,9101,9101.T,7137.0,100.0,C,監視候補,14.1,13.9,0.9,7.7,338.0,21.1,37.4,70.8,0.63,2.48,18.57,-2.16,18.6,31.2,30.0,9.01,-0.88,3429220.0,6547.1,5816.6,5476.8,182.49,5735.0,6923.0,7280.0,6566.0,8208.0,6863.3,5706.3,15.0,-8.0,1.88,,,200日線上、75日線上、3か月上昇、6か月上昇、PER良好、PBR良好、ROE良好、配当あり、売上成長、利益成長、値動き安定、下落浅い,44,9101_20260827_01,2026-08-27,6910.0,1.0,2,3.285094066570182,48.0,4.0,0.0,MATURE,SKIP
2026-09-02,シチズン時計,7762,7762.T,2746.0,100.0,C,監視候補,21.6,34.0,2.2,10.9,186.0,30.3,-2.9,60.3,-3.41,0.81,16.45,-3.31,16.5,21.7,47.5,7.85,-3.41,1935415.0,2546.1,2369.4,1847.7,111.45,2339.0,2664.0,2801.0,2526.0,3158.0,2578.8,2327.3,15.0,-8.0,1.87,,,200日線上、75日線上、RSI適正、3か月上昇、6か月上昇、25日線付近、PER良好、PBR良好、ROE良好、配当あり、売上成長、下落浅い,45,,,,,0,,69.0,24.0,5.0,,SKIP
2026-09-02,住友金属鉱山,5713,5713.T,10805.0,100.0,C,監視候補,16.6,26.6,1.4,11.7,183.0,42.3,225.7,58.9,-4.76,-6.65,34.09,-15.17,34.1,24.9,-15.8,9.77,-6.65,4011480.0,9842.9,8745.5,8429.2,570.82,8233.0,10481.0,11021.0,9941.0,12426.0,9948.8,8191.8,15.0,-8.0,1.88,,,200日線上、75日線上、RSI適正、3か月上昇、PER良好、PBR良好、ROE良好、配当あり、売上成長、利益成長、下落浅い,46,,,,,0,,45.0,-1.0,-0.5,,SKIP
2026-09-02,日立建機,6305,6305.T,5865.0,99.9,D,監視候補,17.0,13.6,1.4,10.9,320.0,7.5,148.5,58.0,-1.16,0.38,10.56,-2.26,10.6,9.9,-13.4,4.12,-2.33,2397475.0,5632.9,5392.1,5314.8,184.4,5275.0,5689.0,5982.0,5396.0,6745.0,5588.4,5248.6,15.0,-8.0,1.88,,,200日線上、75日線上、RSI適正、3か月上昇、25日線付近、PER良好、PBR良好、ROE良好、配当あり、売上成長、利益成長、値動き安定、下落浅い,47,,,,,0,,39.0,-8.0,-1.8999999999999915,,SKIP
2026-09-02,KDDI,9433,9433.T,3011.0,99.9,D,監視候補,16.4,1292.3,2.2,14.6,279.0,3.6,19.4,62.5,0.13,3.92,4.79,2.72,4.8,13.9,14.8,3.49,-3.12,8823810.0,2909.4,2803.5,2697.7,61.1,2779.0,2921.0,3071.0,2770.0,3463.0,2919.4,2765.1,15.0,-8.0,1.88,,該当,200日線上、75日線上、RSI適正、3か月上昇、6か月上昇、25日線付近、PER良好、PBR良好、ROE良好、配当あり、売上成長、利益成長、値動き安定、下落浅い,48,,,,,0,,55.0,7.0,1.1000000000000085,,SKIP
2026-09-02,三井物産,8031,8031.T,5172.0,99.3,D,監視候補,17.8,17.6,1.6,11.4,269.0,31.7,55.6,65.9,-0.5,5.68,7.41,3.83,7.4,2.6,-13.6,5.5,-0.5,5283925.0,4902.5,4899.5,5107.8,117.96,4662.0,5017.0,5275.0,4758.0,5948.0,4995.1,4638.7,15.0,-8.0,1.87,,該当,200日線上、75日線上、RSI適正、3か月上昇、25日線付近、PER良好、PBR良好、ROE良好、配当あり、売上成長、利益成長、値動き安定、下落浅い,49,,,,,0,,56.0,7.0,0.5,,SKIP
2026-09-02,丸紅,8002,8002.T,5096.0,99.3,D,監視候補,15.4,16.4,1.9,14.2,225.0,20.6,22.2,56.7,-0.51,3.85,3.22,3.05,3.2,2.6,-13.1,2.27,-6.5,3971975.0,4982.8,5006.4,5078.2,131.61,4745.0,4943.0,5198.0,4688.0,5860.0,4898.6,4721.3,15.0,-8.0,1.87,,該当,200日線上、75日線上、RSI適正、3か月上昇、25日線付近、PER良好、PBR良好、ROE良好、配当あり、売上成長、利益成長、値動き安定、下落浅い,50,,,,,0,,145.0,95.0,25.299999999999997,,SKIP
2026-09-02,積水ハウス,1928,1928.T,3437.0,99.2,D,監視候補,8.7,9.1,1.0,12.6,421.0,1.7,75.2,49.9,-0.95,-0.69,2.57,-1.34,2.6,6.4,-8.1,-0.2,-6.55,2011305.0,3443.9,3358.3,3395.7,50.12,3326.0,3334.0,3506.0,3162.0,3953.0,3361.8,3309.4,15.0,-8.0,1.88,,,200日線上、75日線上、RSI適正、3か月上昇、25日線付近、PER良好、PBR良好、ROE良好、配当あり、売上成長、利益成長、値動き安定、下落浅い,51,,,,,0,,46.0,-5.0,-1.2000000000000028,,SKIP
2026-09-02,LINEヤフー,4689,4689.T,552.5,99.0,D,監視候補,19.8,25.8,1.3,8.3,196.0,13.1,24.1,71.7,-1.44,-0.83,20.03,-5.83,20.0,35.9,46.1,9.41,-1.44,19294380.0,505.0,450.9,420.4,13.88,450.9,536.0,564.0,508.0,635.0,531.7,448.6,14.9,-8.1,1.85,,,200日線上、75日線上、3か月上昇、6か月上昇、PER良好、PBR良好、ROE良好、配当あり、売上成長、利益成長、値動き安定、下落浅い,52,,,,,0,,103.0,51.0,13.0,,SKIP
2026-09-02,アサヒグループホールディングス,2502,2502.T,1678.5,98.7,D,監視候補,15.3,11.7,0.8,5.6,366.0,12.0,114.2,52.7,-0.86,-0.03,3.07,-0.8,3.1,14.7,0.9,-0.07,-5.52,6707980.0,1679.7,1588.0,1609.6,33.52,1605.0,1628.0,1712.0,1544.0,1930.0,1628.2,1597.0,15.0,-8.0,1.87,,,200日線上、75日線上、RSI適正、3か月上昇、6か月上昇、25日線付近、PER良好、PBR良好、ROE良好、配当あり、売上成長、利益成長、値動き安定、下落浅い,53,,,,,0,,51.0,-2.0,-0.5999999999999943,,SKIP
2026-09-02,キヤノン,7751,7751.T,4708.0,98.7,D,監視候補,11.9,13.0,1.1,10.4,337.0,3.6,55.5,60.2,-0.88,1.49,6.68,-0.18,6.7,8.6,1.3,2.76,-0.88,3047160.0,4581.4,4374.9,4409.8,81.69,4409.0,4567.0,4802.0,4331.0,5414.0,4585.5,4387.0,15.0,-8.0,1.87,,,200日線上、75日線上、RSI適正、3か月上昇、6か月上昇、25日線付近、PER良好、PBR良好、ROE良好、配当あり、売上成長、利益成長、値動き安定、下落浅い,54,,,,,0,,49.0,-5.0,-1.0999999999999943,,SKIP
2026-09-02,アドバンテスト,6857,6857.T,32070.0,98.1,D,監視候補,61.9,134.8,22.3,56.9,18.0,39.3,95.3,45.4,-3.92,-10.17,3.45,-11.03,3.5,13.8,24.5,-4.79,-15.11,7777400.0,33684.6,30380.4,26116.7,2039.77,31110.0,31108.0,32711.0,29504.0,36880.0,29010.3,30954.5,15.0,-8.0,1.87,該当,,200日線上、75日線上、RSI適正、3か月上昇、6か月上昇、25日線付近、ROE良好、配当あり、売上成長、利益成長,55,,,,,0,,33.0,-22.0,-6.0,,SKIP
2026-09-02,ソニーグループ,6758,6758.T,3974.0,97.8,D,監視候補,21.3,21.7,2.8,13.2,87.0,8.2,47.6,63.1,-1.78,2.48,12.29,-0.6,12.3,12.3,11.0,4.88,-1.78,14384735.0,3789.0,3541.3,3633.6,107.04,3515.0,3855.0,4053.0,3656.0,4570.0,3813.4,3497.4,15.0,-8.0,1.87,該当,,200日線上、75日線上、RSI適正、3か月上昇、6か月上昇、25日線付近、PER良好、ROE良好、配当あり、売上成長、利益成長、値動き安定、下落浅い,56,,,,,0,,57.0,1.0,-0.7000000000000028,,SKIP
2026-09-02,ENEOSホールディングス,5020,5020.T,1383.0,97.7,D,監視候補,14.4,13.9,1.0,19.5,245.0,18.7,,62.6,-0.43,5.33,7.92,3.35,7.9,7.5,-9.4,5.23,-0.43,7046530.0,1314.3,1280.6,1264.0,32.43,1265.0,1342.0,1411.0,1272.0,1590.0,1334.4,1258.7,15.0,-8.0,1.86,,,200日線上、75日線上、RSI適正、3か月上昇、25日線付近、PER良好、PBR良好、ROE良好、配当あり、売上成長、値動き安定、下落浅い,57,,,,,0,,59.0,2.0,0.10000000000000853,,SKIP
2026-09-02,三井化学,4183,4183.T,2323.0,97.4,D,監視候補,25.3,5.1,1.0,8.0,323.0,10.8,4462.9,68.2,0.13,9.37,10.75,6.68,10.8,9.9,1.4,7.2,0.0,2121095.0,2167.0,2142.2,2055.6,61.72,2073.5,2253.0,2369.0,2137.0,2671.0,2230.4,2063.1,15.0,-8.0,1.87,,,200日線上、75日線上、RSI適正、3か月上昇、6か月上昇、25日線付近、PER良好、PBR良好、ROE良好、配当あり、売上成長、利益成長、値動き安定、下落浅い,58,,,,,0,,62.0,4.0,1.6000000000000085,,SKIP
2026-09-02,住友重機械工業,6302,6302.T,5673.0,96.8,D,監視候補,16.8,17.0,1.0,6.1,251.0,18.0,141.5,49.9,-1.83,-2.86,-0.82,-2.65,-0.8,11.7,-8.5,-0.87,-5.42,804405.0,5723.0,5372.3,5014.9,209.21,5429.0,5503.0,5786.0,5219.0,6524.0,5359.2,5401.9,15.0,-8.0,1.87,,,200日線上、75日線上、RSI適正、3か月上昇、25日線付近、PER良好、PBR良好、ROE良好、配当あり、売上成長、利益成長、値動き安定、下落浅い,59,,,,,0,,70.0,11.0,1.8999999999999915,,SKIP
2026-09-02,東レ,3402,3402.T,1312.0,96.3,D,監視候補,24.8,19.4,1.1,5.6,175.0,14.0,92.5,59.2,-0.34,3.92,14.44,0.31,14.4,18.7,-1.2,2.81,-4.48,5416785.0,1276.1,1188.4,1137.9,32.38,1150.5,1273.0,1338.0,1207.0,1509.0,1263.4,1144.7,15.0,-8.0,1.88,,,200日線上、75日線上、RSI適正、3か月上昇、25日線付近、PER良好、PBR良好、ROE良好、配当あり、売上成長、利益成長、値動き安定、下落浅い,60,,,,,0,,65.0,5.0,0.8999999999999915,,SKIP
2026-09-02,花王,4452,4452.T,3632.0,96.0,D,監視候補,26.0,14.0,2.9,12.3,216.0,9.4,32.9,61.9,0.5,1.09,12.94,-2.15,12.9,25.7,9.0,3.23,-2.84,3941980.0,3518.2,3244.3,3142.5,74.1,3140.0,3523.0,3705.0,3341.0,4177.0,3520.9,3124.3,15.0,-8.0,1.87,,,200日線上、75日線上、RSI適正、3か月上昇、6か月上昇、25日線付近、PER良好、ROE良好、配当あり、売上成長、利益成長、下落浅い,61,,,,,0,,60.0,-1.0,-0.7000000000000028,,SKIP
2026-09-02,パナソニック ホールディングス,6752,6752.T,4318.0,95.8,D,監視候補,53.2,25.6,1.9,5.2,121.0,6.4,89.2,48.7,-3.16,-0.6,1.96,-1.09,2.0,13.6,67.8,-0.87,-9.82,7728750.0,4355.9,4143.1,3048.1,178.58,4154.0,4188.0,4404.0,3973.0,4966.0,4050.1,4133.2,15.0,-8.0,1.88,,,200日線上、75日線上、RSI適正、3か月上昇、6か月上昇、25日線付近、PBR良好、ROE良好、配当あり、売上成長、利益成長、値動き安定、下落浅い,62,,,,,0,,53.0,-9.0,-3.200000000000003,,SKIP
2026-09-02,横浜ゴム,5101,5101.T,7334.0,95.7,D,監視候補,8.1,14.1,1.0,14.3,300.0,10.4,114.4,45.3,-1.37,-2.41,-0.23,-2.35,-0.2,7.3,-0.7,-2.81,-7.39,1216595.0,7546.2,7374.0,6671.4,272.94,7213.0,7114.0,7481.0,6747.0,8434.0,6924.6,7176.9,15.0,-8.0,1.87,,,200日線上、RSI適正、3か月上昇、25日線付近、PER良好、PBR良好、ROE良好、配当あり、売上成長、利益成長、値動き安定、下落浅い,63,5101_20260901_02,2026-09-01,7438.0,0.0,1,-1.398225329389624,29.0,-34.0,-10.0,MATURE,SKIP
2026-09-02,日本航空,9201,9201.T,2986.0,95.4,D,監視候補,9.7,12.0,0.9,9.1,317.0,10.2,-79.9,48.3,-1.29,-1.87,0.93,-2.11,0.9,12.8,0.2,-1.01,-4.11,1785735.0,3016.4,2869.9,2815.9,54.47,2960.5,2896.0,3046.0,2747.0,3434.0,2904.3,2945.7,15.0,-8.0,1.87,,,200日線上、75日線上、RSI適正、3か月上昇、6か月上昇、25日線付近、PER良好、PBR良好、ROE良好、配当あり、売上成長、値動き安定、下落浅い,64,,,,,0,,61.0,-3.0,-0.5999999999999943,,SKIP
2026-09-02,NIPPON EXPRESSホールディングス,9147,9147.T,5774.0,95.3,D,監視候補,74.0,9.4,1.7,2.4,170.0,12.4,179.5,60.9,-1.57,0.7,12.2,-2.35,12.2,14.6,54.0,4.59,-1.57,1234540.0,5520.6,5293.4,4212.2,137.18,5037.0,5601.0,5889.0,5312.0,6640.0,5568.2,5011.8,15.0,-8.0,1.87,,,200日線上、75日線上、RSI適正、3か月上昇、6か月上昇、25日線付近、PBR良好、配当あり、売上成長、利益成長、値動き安定、下落浅い,65,,,,,0,,71.0,6.0,0.7000000000000028,,SKIP
2026-09-02,三菱商事,8058,8058.T,4905.0,95.1,D,監視候補,23.4,23.1,1.9,10.1,252.0,22.8,57.9,58.8,-1.03,3.96,3.52,3.08,3.5,0.2,-7.0,2.57,-1.03,6314855.0,4782.0,4753.6,4603.0,112.44,4628.0,4758.0,5003.0,4513.0,5641.0,4736.3,4604.9,15.0,-8.0,1.88,,該当,200日線上、75日線上、RSI適正、3か月上昇、25日線付近、PER良好、PBR良好、ROE良好、配当あり、売上成長、利益成長、値動き安定、下落浅い,66,,,,,0,,67.0,1.0,0.09999999999999432,,SKIP
2026-09-02,ソフトバンク,9434,9434.T,242.4,95.1,D,監視候補,21.5,20.9,4.0,16.7,365.0,9.4,3.4,68.4,0.54,1.21,9.98,-1.28,10.0,13.3,16.3,3.94,0.0,72179715.0,233.2,221.1,216.6,4.15,221.9,235.0,247.0,223.0,279.0,236.2,220.8,15.1,-8.0,1.89,,該当,200日線上、75日線上、RSI適正、3か月上昇、6か月上昇、25日線付近、PER良好、ROE良好、配当あり、売上成長、利益成長、値動き安定、下落浅い,67,,,,,0,,75.0,8.0,1.8999999999999915,,SKIP
2026-09-02,川崎汽船,9107,9107.T,3414.0,95.0,D,監視候補,16.2,9.8,1.2,7.6,355.0,17.1,-21.1,69.9,0.92,3.27,19.25,-1.54,19.2,32.0,31.2,10.45,-1.47,5725810.0,3091.0,2757.2,2493.2,98.06,2685.0,3312.0,3482.0,3141.0,3926.0,3266.9,2671.6,15.0,-8.0,1.88,,,200日線上、75日線上、RSI適正、3か月上昇、6か月上昇、PER良好、PBR良好、ROE良好、配当あり、売上成長、値動き安定、下落浅い,68,,,,,0,,68.0,0.0,0.0,,SKIP
2026-09-02,商船三井,9104,9104.T,7188.0,94.9,D,監視候補,11.6,12.8,0.8,7.9,291.0,68.9,16.2,70.9,2.0,1.61,18.65,-3.05,18.7,29.9,20.8,9.15,-1.24,3433785.0,6585.6,5873.6,5516.7,194.26,5900.0,6972.0,7332.0,6613.0,8266.0,6896.6,5870.5,15.0,-8.0,1.87,,,200日線上、75日線上、3か月上昇、6か月上昇、PER良好、PBR良好、ROE良好、配当あり、売上成長、利益成長、値動き安定、下落浅い,69,9104_20260827_01,2026-08-27,6982.0,2.0,1,2.950443998854202,26.0,-43.0,-11.699999999999989,MATURE,SKIP
2026-09-02,小松製作所,6301,6301.T,7460.0,94.6,D,監視候補,18.0,17.6,1.9,11.6,253.0,14.7,8.2,58.8,-0.63,0.27,7.93,-1.71,7.9,7.3,-0.3,2.76,-1.34,2493230.0,7259.4,6760.8,6335.3,194.24,6734.0,7236.0,7609.0,6863.0,8579.0,7168.6,6700.3,15.0,-8.0,1.87,,,200日線上、75日線上、RSI適正、3か月上昇、25日線付近、PER良好、PBR良好、ROE良好、配当あり、売上成長、利益成長、値動き安定、下落浅い,70,,,,,0,,54.0,-16.0,-4.400000000000006,,SKIP
2026-09-02,コムシスホールディングス,1721,1721.T,5526.0,94.5,D,監視候補,17.8,21.9,1.6,10.2,243.0,8.6,48.6,63.3,-0.43,1.9,5.3,0.58,5.3,2.9,-0.9,3.73,-0.43,415435.0,5327.1,5349.8,5080.7,112.58,5151.0,5360.0,5637.0,5084.0,6355.0,5357.1,5125.2,15.0,-8.0,1.88,,,200日線上、75日線上、RSI適正、3か月上昇、25日線付近、PER良好、PBR良好、ROE良好、配当あり、売上成長、利益成長、値動き安定、下落浅い,71,,,,,0,,72.0,1.0,0.0,,SKIP
2026-09-02,セイコーエプソン,6724,6724.T,3248.0,93.9,D,監視候補,57.3,16.1,1.2,3.0,241.0,14.4,96.3,61.9,-2.08,3.57,9.29,1.25,9.3,7.8,56.3,4.53,-2.08,1600245.0,3107.2,2913.6,2350.1,86.08,2961.0,3151.0,3313.0,2988.0,3735.0,3118.9,2946.2,15.0,-8.0,1.87,該当,,200日線上、75日線上、RSI適正、3か月上昇、6か月上昇、25日線付近、PBR良好、配当あり、売上成長、利益成長、値動き安定、下落浅い,72,,,,,0,,64.0,-8.0,-1.5999999999999943,,SKIP
2026-09-02,出光興産,5019,5019.T,1490.0,93.3,D,監視候補,10.6,11.3,1.1,22.5,243.0,23.3,4095.7,73.8,0.51,9.76,19.25,4.95,19.2,6.7,-0.7,11.24,0.0,3926975.0,1339.4,1308.3,1314.7,35.79,1228.0,1445.0,1520.0,1371.0,1713.0,1436.3,1221.9,15.0,-8.0,1.87,,,200日線上、75日線上、3か月上昇、PER良好、PBR良好、ROE良好、配当あり、売上成長、利益成長、値動き安定、下落浅い,73,5019_20260818_01,2026-08-18,1370.5,12.0,1,8.719445457862097,31.0,-42.0,-11.700000000000003,MATURE,SKIP
2026-09-02,ディー・エヌ・エー,2432,2432.T,2572.0,93.0,D,監視候補,15.0,27.0,1.1,16.2,253.0,-10.9,231.6,56.6,-1.32,0.98,3.88,0.01,3.9,-2.3,-4.5,2.61,-4.23,1129220.0,2506.5,2548.7,2528.4,57.53,2396.0,2495.0,2623.0,2366.0,2958.0,2485.7,2384.0,15.0,-8.0,1.87,,,200日線上、75日線上、RSI適正、25日線付近、PER良好、PBR良好、ROE良好、配当あり、利益成長、値動き安定、下落浅い,74,,,,,0,,73.0,-1.0,-0.7999999999999972,,SKIP
2026-09-02,伊藤忠商事,8001,8001.T,2148.5,92.9,D,監視候補,16.8,3.3,2.2,14.1,205.0,8.9,4.8,65.5,0.0,0.49,8.51,-1.64,8.5,15.9,-2.6,4.23,0.0,11431600.0,2061.2,1949.5,1972.7,47.1,1954.0,2084.0,2191.0,1977.0,2471.0,2077.8,1944.2,15.0,-8.0,1.88,,該当,200日線上、75日線上、RSI適正、3か月上昇、25日線付近、PER良好、PBR良好、ROE良好、配当あり、売上成長、利益成長、値動き安定、下落浅い,75,,,,,0,,77.0,2.0,0.10000000000000853,,SKIP
2026-09-02,塩野義製薬,4507,4507.T,2985.0,92.8,D,監視候補,12.4,15.6,1.4,16.8,258.0,63.7,148.2,62.9,1.19,2.09,7.57,0.19,7.6,5.6,-15.1,3.4,-2.77,2324535.0,2886.7,2869.2,3012.3,60.95,2732.0,2895.0,3045.0,2746.0,3433.0,2893.6,2718.3,15.0,-8.0,1.87,,,75日線上、RSI適正、3か月上昇、25日線付近、PER良好、PBR良好、ROE良好、配当あり、売上成長、利益成長、値動き安定、下落浅い,76,,,,,0,,79.0,3.0,0.7000000000000028,,SKIP
2026-09-02,本田技研工業,7267,7267.T,1708.5,92.1,D,監視候補,,7.5,0.5,-0.8,404.0,13.5,147.5,56.3,-1.41,2.03,8.48,-0.09,8.5,13.6,13.0,1.86,-2.54,16740385.0,1677.3,1538.1,1476.8,46.51,1580.5,1657.0,1743.0,1572.0,1965.0,1638.7,1572.6,15.0,-8.0,1.88,,,200日線上、75日線上、RSI適正、3か月上昇、6か月上昇、25日線付近、PBR良好、配当あり、売上成長、利益成長、値動き安定、下落浅い,77,,,,,0,,63.0,-14.0,-3.700000000000003,,SKIP
2026-09-02,セブン＆アイ・ホールディングス,3382,3382.T,2040.5,92.0,D,監視候補,17.2,17.7,1.3,8.0,295.0,-14.7,38.2,54.2,0.32,2.34,1.94,1.86,1.9,12.0,-3.5,0.33,-8.18,8679710.0,2033.8,1962.7,2036.8,42.4,1956.4,1979.0,2081.0,1877.0,2347.0,1976.9,1946.6,15.0,-8.0,1.87,,,200日線上、75日線上、RSI適正、3か月上昇、25日線付近、PER良好、PBR良好、ROE良好、配当あり、利益成長、値動き安定、下落浅い,78,,,,,0,,80.0,2.0,0.0,,SKIP
2026-09-02,資生堂,4911,4911.T,3560.0,91.7,D,監視候補,,28.7,2.2,-3.1,166.0,10.5,264.8,54.0,-1.66,-5.07,8.57,-7.21,8.6,43.1,11.2,0.97,-5.47,2881860.0,3525.7,2988.6,2856.2,124.61,3247.0,3453.0,3631.0,3275.0,4094.0,3373.1,3230.8,15.0,-8.0,1.87,,,200日線上、75日線上、RSI適正、3か月上昇、6か月上昇、25日線付近、PBR良好、配当あり、売上成長、利益成長、値動き安定、下落浅い,79,,,,,0,,74.0,-5.0,-1.8999999999999915,,SKIP
2026-09-02,高島屋,8233,8233.T,2296.5,91.4,D,監視候補,,17.4,1.5,-0.5,172.0,5.9,94.4,47.0,-1.03,-7.41,3.48,-8.28,3.5,15.6,19.7,-0.54,-11.02,1559265.0,2308.9,2239.2,1993.2,65.1,2209.4,2228.0,2342.0,2113.0,2641.0,2198.9,2198.4,15.0,-8.0,1.88,,,200日線上、75日線上、RSI適正、3か月上昇、6か月上昇、25日線付近、PBR良好、配当あり、売上成長、利益成長、値動き安定、下落浅い,80,,,,,0,,98.0,18.0,4.0,,SKIP
2026-09-02,日本製鉄,5401,5401.T,690.1,91.0,D,監視候補,209.8,1.2,0.6,5.5,343.0,40.4,,60.7,-1.46,1.94,6.83,0.23,6.8,27.7,11.9,2.39,-1.46,41076325.0,674.0,598.9,605.5,16.57,651.4,669.0,704.0,635.0,794.0,665.2,648.1,15.1,-8.0,1.89,,,200日線上、75日線上、RSI適正、3か月上昇、6か月上昇、25日線付近、PBR良好、ROE良好、配当あり、売上成長、値動き安定、下落浅い,81,,,,,0,,81.0,0.0,-0.7000000000000028,,SKIP
2026-09-02,バンダイナムコホールディングス,7832,7832.T,5729.0,91.0,D,監視候補,26.4,33.7,4.1,18.3,83.0,9.3,34.6,72.5,-0.88,1.25,28.4,-5.84,28.4,54.0,38.1,8.81,-0.88,3110745.0,5265.3,4322.0,4171.7,164.13,4364.0,5557.0,5844.0,5271.0,6588.0,5482.8,4342.2,15.0,-8.0,1.88,,,200日線上、75日線上、3か月上昇、6か月上昇、PER良好、ROE良好、配当あり、売上成長、利益成長、下落浅い,82,,,,,0,,123.0,41.0,10.0,,SKIP
2026-09-02,クラレ,3405,3405.T,1892.0,90.9,D,監視候補,69.9,10.0,0.8,0.8,283.0,12.2,237.7,58.5,-0.68,6.23,3.98,5.24,4.0,17.8,2.9,1.95,-3.2,2004765.0,1855.9,1738.6,1663.0,46.25,1777.5,1835.0,1930.0,1741.0,2176.0,1822.6,1768.6,15.0,-8.0,1.88,,,200日線上、75日線上、RSI適正、3か月上昇、6か月上昇、25日線付近、PBR良好、配当あり、売上成長、利益成長、値動き安定、下落浅い,83,,,,,0,,78.0,-5.0,-1.3999999999999915,,SKIP
2026-09-02,東京建物,8804,8804.T,3437.0,90.8,D,監視候補,11.6,14.0,1.2,10.6,374.0,16.6,185.5,54.4,-1.01,0.35,5.92,-1.13,5.9,11.5,-18.5,1.41,-2.58,720240.0,3389.1,3310.8,3474.7,67.73,3252.0,3334.0,3506.0,3162.0,3953.0,3335.4,3235.7,15.0,-8.0,1.88,,,75日線上、RSI適正、3か月上昇、25日線付近、PER良好、PBR良好、ROE良好、配当あり、売上成長、利益成長、値動き安定、下落浅い,84,,,,,0,,91.0,7.0,0.7000000000000028,,SKIP
2026-09-02,JFEホールディングス,5411,5411.T,1909.5,90.6,D,監視候補,18.1,6.0,0.5,3.8,413.0,4.1,332.0,63.8,-1.37,3.64,6.11,2.11,6.1,19.3,-8.7,3.83,-1.37,8562890.0,1839.0,1703.8,1838.8,44.44,1758.0,1852.0,1948.0,1757.0,2196.0,1842.8,1749.2,15.0,-8.0,1.88,,,200日線上、75日線上、RSI適正、3か月上昇、25日線付近、PER良好、PBR良好、配当あり、売上成長、利益成長、値動き安定、下落浅い,85,,,,,0,,85.0,0.0,-0.4000000000000057,,SKIP
2026-09-02,TOPPANホールディングス,7911,7911.T,4873.0,90.2,D,監視候補,21.5,18.2,1.0,5.6,59.0,15.0,137.2,46.9,-1.4,-3.43,7.98,-5.42,8.0,14.5,-15.8,-0.61,-10.55,1797240.0,4903.1,4796.9,4726.9,203.84,4577.0,4727.0,4970.0,4483.0,5604.0,4567.2,4554.1,15.0,-8.0,1.87,,,200日線上、75日線上、RSI適正、3か月上昇、25日線付近、PER良好、PBR良好、ROE良好、配当あり、売上成長、利益成長、下落浅い,86,,,,,0,,95.0,9.0,2.1000000000000085,,SKIP
2026-09-02,東洋紡,3101,3101.T,1742.0,90.0,D,監視候補,13.8,14.5,0.7,6.8,226.0,7.3,95.1,60.3,-1.75,5.13,10.04,2.62,10.0,-7.3,-1.3,7.45,-4.39,677310.0,1621.2,1684.2,1478.4,66.95,1500.0,1690.0,1777.0,1603.0,2003.0,1641.6,1492.5,15.0,-8.0,1.88,,,200日線上、75日線上、RSI適正、25日線付近、PER良好、PBR良好、ROE良好、配当あり、売上成長、利益成長、値動き安定、下落浅い,87,,,,,0,,88.0,1.0,-0.7000000000000028,,SKIP
2026-09-02,エーザイ,4523,4523.T,4751.0,90.0,D,監視候補,34.7,23.5,1.5,5.0,336.0,15.6,26.0,50.5,-0.11,-1.7,2.77,-2.39,2.8,24.5,-5.3,-1.46,-7.03,1142860.0,4821.4,4349.3,4564.4,113.54,4476.0,4608.0,4846.0,4371.0,5464.0,4580.7,4453.6,15.0,-8.0,1.88,,,200日線上、75日線上、RSI適正、3か月上昇、25日線付近、PBR良好、配当あり、売上成長、利益成長、値動き安定、下落浅い,88,,,,,0,,92.0,4.0,0.0,,SKIP
2026-09-02,三菱倉庫,9301,9301.T,1540.5,89.7,E,対象外,9.9,12.2,1.4,11.2,286.0,2.9,-65.7,54.0,0.16,1.12,4.23,0.06,4.2,2.0,8.1,1.15,-5.89,1030770.0,1522.9,1523.0,1377.1,27.67,1476.0,1494.0,1571.0,1417.0,1772.0,1499.0,1468.6,15.0,-8.0,1.87,,,200日線上、75日線上、RSI適正、3か月上昇、6か月上昇、25日線付近、PER良好、PBR良好、ROE良好、配当あり、売上成長、値動き安定、下落浅い,89,,,,,0,,86.0,-3.0,-1.2000000000000028,,SKIP
2026-09-02,ZOZO,3092,3092.T,1153.5,89.3,E,対象外,21.3,6.7,10.3,51.8,341.0,3.9,5.2,52.8,-1.54,1.01,1.32,0.68,1.3,12.0,0.7,0.68,-5.8,2324395.0,1145.7,1118.0,1153.0,26.21,1090.0,1119.0,1177.0,1061.0,1327.0,1114.2,1084.5,15.0,-8.0,1.88,,,200日線上、75日線上、RSI適正、3か月上昇、6か月上昇、25日線付近、PER良好、ROE良好、配当あり、売上成長、利益成長、値動き安定、下落浅い,90,,,,,0,,83.0,-7.0,-2.4000000000000057,,SKIP
2026-09-02,ニッスイ,1332,1332.T,1281.5,89.2,E,対象外,14.2,14.4,1.3,10.3,250.0,14.1,17.2,50.0,-0.08,-1.2,4.74,-2.38,4.7,2.4,-16.8,0.26,-4.4,1408245.0,1278.2,1281.9,1279.2,25.19,1206.0,1243.0,1307.0,1179.0,1474.0,1243.7,1200.0,15.0,-8.0,1.88,,,200日線上、RSI適正、3か月上昇、25日線付近、PER良好、PBR良好、ROE良好、配当あり、売上成長、利益成長、値動き安定、下落浅い,91,,,,,0,,94.0,3.0,0.7999999999999972,,SKIP
2026-09-02,三菱ケミカルグループ,4188,4188.T,1287.0,89.1,E,対象外,,14.1,1.0,1.4,253.0,14.0,204.3,67.3,1.62,13.69,15.17,9.9,15.2,17.5,12.9,8.97,0.0,5370270.0,1181.0,1140.8,1019.7,37.57,1123.0,1248.0,1313.0,1184.0,1480.0,1230.6,1117.4,15.0,-8.0,1.87,,,200日線上、75日線上、RSI適正、3か月上昇、6か月上昇、PBR良好、配当あり、売上成長、利益成長、値動き安定、下落浅い,92,,,,,0,,82.0,-10.0,-2.6000000000000085,,SKIP
2026-09-02,関西電力,9503,9503.T,2939.5,88.6,E,対象外,8.6,8.9,0.9,12.5,271.0,9.8,38.2,82.4,-0.52,12.69,23.12,6.91,23.1,26.1,10.7,16.92,-0.52,3678760.0,2514.2,2381.2,2459.1,75.73,2331.0,2851.0,2998.0,2704.0,3380.0,2825.9,2319.3,15.0,-8.0,1.87,,,200日線上、75日線上、3か月上昇、6か月上昇、PER良好、PBR良好、ROE良好、配当あり、売上成長、利益成長、値動き安定、下落浅い、RSI過熱,93,,,,,0,,118.0,25.0,6.099999999999994,,SKIP
2026-09-02,東武鉄道,9001,9001.T,2969.5,88.4,E,対象外,10.5,13.0,0.9,9.4,250.0,5.2,3.1,47.2,-1.12,-1.51,0.88,-1.73,0.9,4.7,-4.5,-0.87,-7.15,587990.0,2995.6,2924.8,2823.8,50.65,2884.5,2880.0,3029.0,2732.0,3415.0,2893.5,2870.1,15.0,-8.0,1.88,,,200日線上、75日線上、RSI適正、3か月上昇、25日線付近、PER良好、PBR良好、ROE良好、配当あり、売上成長、利益成長、値動き安定、下落浅い,94,,,,,0,,84.0,-10.0,-3.299999999999997,,SKIP
2026-09-02,JR西日本,9021,9021.T,3037.0,88.0,E,対象外,10.9,12.9,1.1,9.3,322.0,-0.6,-17.9,62.4,0.2,1.71,4.72,0.53,4.7,23.0,-7.9,2.66,-5.65,2135845.0,2958.4,2807.6,2985.6,57.08,2782.5,2946.0,3098.0,2794.0,3493.0,2951.4,2768.6,15.0,-8.0,1.88,,,200日線上、75日線上、RSI適正、3か月上昇、25日線付近、PER良好、PBR良好、ROE良好、配当あり、値動き安定、下落浅い,95,,,,,0,,96.0,1.0,0.0,,SKIP
2026-09-02,三菱マテリアル,5711,5711.T,5650.0,87.8,E,対象外,18.2,16.8,1.0,14.5,196.0,38.4,,58.2,-4.66,-5.25,36.34,-14.33,36.3,13.6,-6.5,10.05,-6.73,2895770.0,5134.1,4780.2,4590.9,286.62,4230.0,5480.0,5763.0,5198.0,6497.0,5220.1,4208.9,15.0,-8.0,1.87,,,200日線上、75日線上、RSI適正、3か月上昇、PER良好、PBR良好、ROE良好、配当あり、売上成長、下落浅い,96,,,,,0,,87.0,-9.0,-3.1000000000000085,,SKIP
2026-09-02,富士通,6702,6702.T,3888.0,87.5,E,対象外,22.2,25.6,3.3,16.2,139.0,3.9,-76.1,60.5,-1.49,4.63,13.15,1.34,13.2,11.6,11.3,4.68,-1.49,6016830.0,3714.2,3471.3,3689.2,119.93,3451.0,3771.0,3966.0,3577.0,4471.0,3708.1,3433.7,15.0,-8.0,1.87,該当,,200日線上、75日線上、RSI適正、3か月上昇、6か月上昇、25日線付近、PER良好、ROE良好、配当あり、売上成長、値動き安定、下落浅い,97,,,,,0,,108.0,11.0,2.700000000000003,,SKIP
2026-09-02,ユニチカ,3103,3103.T,1493.0,87.0,E,対象外,4.8,,1.5,44.0,,-22.0,211.2,55.9,-0.07,2.61,70.43,-15.0,70.4,25.8,-23.5,14.78,-11.45,21664440.0,1300.8,1179.6,1106.7,144.94,909.0,1448.0,1523.0,1374.0,1717.0,1275.6,904.5,15.0,-8.0,1.88,,,200日線上、75日線上、RSI適正、3か月上昇、PER良好、PBR良好、ROE良好、利益成長、下落浅い,98,,,,,0,,100.0,2.0,0.0,,SKIP
2026-09-02,京王電鉄,9008,9008.T,785.5,86.7,E,対象外,10.8,2.9,1.0,9.8,280.0,8.3,-0.1,54.8,-0.11,-0.61,2.25,-1.17,2.3,7.4,-4.6,0.8,-6.58,1616720.0,779.3,760.5,774.9,13.54,742.1,762.0,801.0,723.0,903.0,765.2,738.4,15.0,-8.0,1.88,,,200日線上、75日線上、RSI適正、3か月上昇、25日線付近、PER良好、PBR良好、ROE良好、配当あり、売上成長、値動き安定、下落浅い,99,,,,,0,,97.0,-2.0,-1.2000000000000028,,SKIP
2026-09-02,キーエンス,6861,6861.T,79650.0,86.3,E,対象外,43.4,42.7,5.4,,67.0,32.8,51.0,45.5,-3.2,-2.27,-3.92,-1.29,-3.9,-0.5,24.9,-3.91,-9.14,533565.0,82888.0,78520.5,66816.1,2351.75,78690.0,77260.0,81243.0,73278.0,91598.0,76122.4,78296.6,15.0,-8.0,1.88,該当,,200日線上、75日線上、RSI適正、6か月上昇、25日線付近、配当あり、売上成長、利益成長、値動き安定、下落浅い,100,,,,,0,,90.0,-10.0,-3.9000000000000057,,SKIP
2026-09-02,旭化成,3407,3407.T,1679.5,86.0,E,対象外,14.4,16.8,1.1,9.8,261.0,11.9,173.6,48.5,-0.53,3.32,6.33,1.74,6.3,-6.0,-9.6,0.26,-11.65,4836985.0,1675.1,1756.6,1600.0,42.36,1595.0,1629.0,1713.0,1545.0,1931.0,1616.0,1587.0,15.0,-8.0,1.87,,,200日線上、RSI適正、25日線付近、PER良好、PBR良好、ROE良好、配当あり、売上成長、利益成長、値動き安定、下落浅い,101,,,,,0,,102.0,1.0,0.0,,SKIP
2026-09-02,中部電力,9502,9502.T,2897.0,85.5,E,対象外,9.6,12.3,0.7,6.0,233.0,3.2,-58.8,51.7,-3.4,-1.24,7.52,-3.12,7.5,3.7,14.1,2.9,-10.86,2784315.0,2815.3,2892.0,2617.4,82.44,2661.0,2810.0,2955.0,2665.0,3332.0,2773.3,2647.7,15.0,-8.0,1.88,,,200日線上、75日線上、RSI適正、3か月上昇、6か月上昇、25日線付近、PER良好、PBR良好、ROE良好、配当あり、売上成長、値動き安定、下落浅い,102,,,,,0,,101.0,-1.0,-0.7000000000000028,,SKIP
2026-09-02,NTT,9432,9432.T,175.4,85.4,E,対象外,13.9,12.1,1.4,10.7,308.0,10.9,7.5,76.1,-0.11,3.42,16.62,-0.74,16.6,19.4,17.1,8.15,-0.11,233624970.0,162.2,153.2,152.8,2.89,149.7,170.0,179.0,161.0,202.0,171.1,149.0,15.2,-8.2,1.85,,該当,200日線上、75日線上、3か月上昇、6か月上昇、PER良好、PBR良好、ROE良好、配当あり、売上成長、利益成長、値動き安定、下落浅い、RSI過熱,103,,,,,0,,111.0,8.0,1.2000000000000028,,SKIP
2026-09-02,大和ハウス工業,1925,1925.T,4744.0,85.1,E,対象外,8.4,10.1,1.0,12.9,194.0,9.0,9.0,60.9,0.0,0.57,4.4,-0.53,4.4,12.2,-13.2,1.86,-3.36,1796400.0,4657.3,4507.3,4888.0,68.0,4484.0,4602.0,4839.0,4364.0,5456.0,4642.0,4461.6,15.0,-8.0,1.87,,,75日線上、RSI適正、3か月上昇、25日線付近、PER良好、PBR良好、ROE良好、配当あり、売上成長、利益成長、値動き安定、下落浅い,104,,,,,0,,104.0,0.0,-0.6000000000000085,,SKIP
2026-09-02,オムロン,6645,6645.T,6405.0,84.6,E,対象外,36.9,23.6,1.5,5.1,159.0,10.8,56.2,51.8,-2.26,-0.77,15.66,-4.69,15.7,2.8,18.7,0.82,-9.06,1795580.0,6353.1,5929.6,5010.9,255.13,5684.0,6213.0,6533.0,5893.0,7366.0,6022.3,5655.6,15.0,-8.0,1.88,,,200日線上、75日線上、RSI適正、3か月上昇、6か月上昇、25日線付近、PBR良好、ROE良好、配当あり、売上成長、利益成長、下落浅い,105,,,,,0,,89.0,-16.0,-5.800000000000011,,SKIP
2026-09-02,王子ホールディングス,3861,3861.T,889.1,84.4,E,対象外,14.6,11.6,0.7,6.0,404.0,2.4,,60.5,-0.28,1.03,1.89,0.56,1.9,14.9,-8.1,1.57,-0.83,3263485.0,875.4,829.4,847.1,14.21,842.5,862.0,907.0,818.0,1022.0,867.8,838.3,14.9,-8.0,1.87,,,200日線上、75日線上、RSI適正、3か月上昇、25日線付近、PER良好、PBR良好、ROE良好、配当あり、売上成長、値動き安定、下落浅い,106,,,,,0,,107.0,1.0,-0.3999999999999915,,SKIP
2026-09-02,いすゞ自動車,7202,7202.T,2295.5,84.3,E,対象外,11.9,9.0,1.0,11.6,405.0,6.8,27.4,53.1,-1.06,2.62,3.56,1.72,3.6,4.7,-18.4,0.86,-7.08,2454385.0,2275.8,2265.0,2350.5,58.0,2167.0,2227.0,2341.0,2112.0,2640.0,2208.5,2156.2,15.0,-8.0,1.88,,,75日線上、RSI適正、3か月上昇、25日線付近、PER良好、PBR良好、ROE良好、配当あり、売上成長、利益成長、値動き安定、下落浅い,107,,,,,0,,117.0,10.0,0.8999999999999915,,SKIP
2026-09-02,JR東海,9022,9022.T,3988.0,84.0,E,対象外,7.0,9.4,0.7,11.2,80.0,3.0,1.2,59.7,-0.37,1.27,4.4,0.17,4.4,21.0,-13.8,1.71,-6.01,2053665.0,3920.8,3660.0,4031.4,84.03,3764.0,3868.0,4068.0,3669.0,4586.0,3862.0,3745.2,15.0,-8.0,1.87,,,75日線上、RSI適正、3か月上昇、25日線付近、PER良好、PBR良好、ROE良好、配当あり、売上成長、利益成長、値動き安定、下落浅い,108,,,,,0,,114.0,6.0,0.4000000000000057,,SKIP
2026-09-02,太平洋セメント,5233,5233.T,4245.0,84.0,E,対象外,18.6,7.3,0.7,4.2,278.0,5.1,23.5,53.9,-1.69,0.98,6.13,-0.56,6.1,-4.1,-2.7,1.48,-4.07,455440.0,4182.9,4161.7,3989.2,110.33,4006.0,4118.0,4330.0,3905.0,4882.0,4079.5,3986.0,15.0,-8.0,1.87,,,200日線上、75日線上、RSI適正、25日線付近、PER良好、PBR良好、配当あり、売上成長、利益成長、値動き安定、下落浅い,109,,,,,0,,113.0,4.0,0.0,,SKIP
2026-09-02,東海カーボン,5301,5301.T,1865.5,83.9,E,対象外,21.0,21.3,1.2,6.8,210.0,18.4,5.5,63.7,-2.18,13.54,20.32,8.46,20.3,3.8,72.4,9.22,-2.18,1767815.0,1708.0,1704.4,1278.9,66.09,1585.5,1810.0,1903.0,1716.0,2145.0,1766.4,1577.6,15.0,-8.0,1.87,,,200日線上、75日線上、RSI適正、3か月上昇、6か月上昇、PER良好、PBR良好、ROE良好、配当あり、売上成長、利益成長、下落浅い,110,,,,,0,,110.0,0.0,-0.29999999999999716,,SKIP
2026-09-02,マツダ,7261,7261.T,1252.0,83.6,E,対象外,22.5,4.6,0.4,5.9,432.0,16.9,,61.8,-1.57,4.03,12.74,0.84,12.7,11.3,-5.1,5.39,-1.57,6360030.0,1188.0,1141.9,1138.8,35.01,1111.5,1214.0,1277.0,1152.0,1440.0,1199.5,1105.9,15.0,-8.0,1.88,,,200日線上、75日線上、RSI適正、3か月上昇、25日線付近、PER良好、PBR良好、ROE良好、配当あり、売上成長、値動き安定、下落浅い,111,,,,,0,,112.0,1.0,-0.4000000000000057,,SKIP
2026-09-02,INPEX,1605,1605.T,4152.0,83.5,E,対象外,11.2,15.5,0.9,9.3,272.0,-2.6,62.9,73.1,0.97,8.21,18.9,3.48,18.9,15.8,4.8,10.47,0.0,4555870.0,3758.4,3577.6,3585.9,101.96,3377.0,4027.0,4235.0,3820.0,4775.0,3999.1,3360.1,15.0,-8.0,1.88,,,200日線上、75日線上、3か月上昇、6か月上昇、PER良好、PBR良好、ROE良好、配当あり、利益成長、値動き安定、下落浅い,112,,,,,0,,66.0,-46.0,-11.900000000000006,,SKIP
2026-09-02,味の素,2802,2802.T,5266.0,82.9,E,対象外,38.0,22.7,6.5,18.5,94.0,13.2,16.8,45.7,-1.31,-2.77,6.32,-4.35,6.3,2.9,7.3,-0.71,-14.72,3283185.0,5303.8,5377.3,4575.9,184.86,4998.0,5108.0,5371.0,4845.0,6056.0,4988.7,4973.0,15.0,-8.0,1.88,,,200日線上、RSI適正、3か月上昇、6か月上昇、25日線付近、ROE良好、配当あり、売上成長、利益成長、値動き安定、下落浅い,113,,,,,0,,116.0,3.0,-0.6999999999999886,,SKIP
2026-09-02,三菱自動車工業,7211,7211.T,387.5,82.9,E,対象外,51.9,4.2,0.6,2.3,250.0,1.8,90.9,61.0,-3.1,3.42,11.35,0.58,11.4,15.7,-4.6,6.88,-3.1,9482065.0,362.6,352.6,357.9,12.82,335.6,376.0,395.0,356.0,446.0,368.3,333.9,15.1,-8.1,1.86,,,200日線上、75日線上、RSI適正、3か月上昇、25日線付近、PBR良好、配当あり、売上成長、利益成長、値動き安定、下落浅い,114,,,,,0,,132.0,18.0,5.400000000000006,,SKIP
2026-09-02,東宝,9602,9602.T,1577.5,82.4,E,対象外,25.8,6.4,2.6,9.7,139.0,4.6,-28.1,63.9,-0.66,1.06,7.02,-0.69,7.0,31.6,4.3,3.57,-0.66,3273040.0,1523.1,1371.0,1509.8,38.17,1410.5,1530.0,1609.0,1451.0,1814.0,1520.3,1403.4,15.0,-8.0,1.87,,,200日線上、75日線上、RSI適正、3か月上昇、6か月上昇、25日線付近、PER良好、ROE良好、配当あり、売上成長、値動き安定、下落浅い,115,,,,,0,,121.0,6.0,0.7000000000000028,,SKIP
2026-09-02,ジェイテクト,6473,6473.T,2165.0,82.3,E,対象外,57.6,17.2,0.9,2.7,320.0,8.2,112.5,56.6,-0.96,5.2,3.05,4.44,3.0,6.0,3.8,2.3,-2.3,960660.0,2116.4,2075.3,1888.1,62.52,2031.5,2100.0,2208.0,1992.0,2490.0,2071.2,2021.3,15.0,-8.0,1.88,,,200日線上、75日線上、RSI適正、3か月上昇、6か月上昇、25日線付近、PBR良好、配当あり、売上成長、利益成長、値動き安定、下落浅い,116,,,,,0,,115.0,-1.0,-1.2999999999999972,,SKIP
2026-09-02,住友大阪セメント,5232,5232.T,5675.0,82.2,E,対象外,16.2,11.9,0.9,6.2,70.0,,,49.9,-1.1,0.02,3.22,-0.79,3.2,2.3,24.3,0.11,-10.94,233270.0,5669.0,5615.8,4593.0,199.35,5380.0,5505.0,5788.0,5221.0,6526.0,5376.0,5353.1,15.0,-8.0,1.87,,,200日線上、75日線上、RSI適正、3か月上昇、6か月上昇、25日線付近、PER良好、PBR良好、ROE良好、配当あり、値動き安定、下落浅い,117,,,,,0,,99.0,-18.0,-5.0,,SKIP
2026-09-02,日揮ホールディングス,1963,1963.T,2403.5,82.0,E,対象外,13.9,19.7,1.4,11.9,219.0,-16.1,107.2,59.5,1.03,6.04,4.84,4.83,4.8,-7.5,-2.3,4.82,-14.27,1328325.0,2292.9,2452.2,2249.6,71.27,2162.0,2331.0,2452.0,2211.0,2764.0,2296.6,2151.2,15.0,-8.0,1.87,,,200日線上、RSI適正、25日線付近、PER良好、PBR良好、ROE良好、配当あり、利益成長、値動き安定、下落浅い,118,,,,,0,,126.0,8.0,3.0999999999999943,,SKIP
2026-09-02,武田薬品工業,4502,4502.T,5878.0,81.1,E,対象外,,41.9,1.2,-2.3,349.0,10.2,-9.8,63.0,0.56,0.31,11.2,-2.49,11.2,21.2,3.2,3.88,0.0,3626735.0,5658.4,5350.9,5211.7,107.18,5225.0,5702.0,5996.0,5408.0,6760.0,5717.2,5198.9,15.0,-8.0,1.88,,,200日線上、75日線上、RSI適正、3か月上昇、6か月上昇、25日線付近、PBR良好、配当あり、売上成長、値動き安定、下落浅い,119,,,,,0,,122.0,3.0,-0.20000000000000284,,SKIP
2026-09-02,神戸製鋼所,5406,5406.T,2047.0,79.7,E,対象外,8.6,7.4,0.6,5.7,388.0,,,56.2,-0.82,0.71,-0.17,0.76,-0.2,5.5,-7.7,0.97,-1.44,1943580.0,2027.4,1964.1,1996.4,39.69,1919.5,1986.0,2088.0,1883.0,2354.0,1987.5,1909.9,15.0,-8.0,1.87,,,200日線上、75日線上、RSI適正、3か月上昇、25日線付近、PER良好、PBR良好、ROE良好、配当あり、値動き安定、下落浅い,120,,,,,0,,125.0,5.0,-0.20000000000000284,,SKIP
2026-09-02,小田急電鉄,9007,9007.T,1808.0,79.5,E,対象外,16.7,16.2,1.2,7.1,332.0,3.5,-16.5,63.5,-0.06,1.95,6.79,0.25,6.8,9.6,2.1,3.62,-2.53,1160325.0,1744.8,1702.1,1677.5,31.34,1651.5,1754.0,1844.0,1663.0,2079.0,1761.0,1643.2,15.0,-8.0,1.87,,,200日線上、75日線上、RSI適正、3か月上昇、6か月上昇、25日線付近、PER良好、PBR良好、ROE良好、配当あり、売上成長、値動き安定、下落浅い,121,,,,,0,,120.0,-1.0,-2.5999999999999943,,SKIP
2026-09-02,東京海上ホールディングス,8766,8766.T,7814.0,79.5,E,対象外,28.0,15.9,1.8,,167.0,0.1,-43.3,57.4,0.1,2.42,1.36,2.08,1.4,12.6,24.7,1.7,-6.9,4626020.0,7683.4,7532.8,6713.4,174.37,7186.0,7580.0,7970.0,7189.0,8986.0,7552.4,7150.1,15.0,-8.0,1.88,,該当,200日線上、75日線上、RSI適正、3か月上昇、6か月上昇、25日線付近、PER良好、PBR良好、配当あり、売上成長、値動き安定、下落浅い,122,,,,,0,,128.0,6.0,1.5999999999999943,,SKIP
2026-09-02,日清製粉グループ本社,2002,2002.T,2060.5,78.3,E,対象外,18.2,16.2,1.1,6.1,315.0,1.1,-16.7,55.7,-0.07,0.17,6.71,-1.51,6.7,8.6,-3.8,1.53,-5.2,893580.0,2029.4,1999.0,1984.0,35.71,1906.0,1999.0,2102.0,1896.0,2370.0,2006.9,1896.5,15.0,-8.0,1.88,,,200日線上、75日線上、RSI適正、3か月上昇、25日線付近、PER良好、PBR良好、ROE良好、配当あり、売上成長、値動き安定、下落浅い,123,,,,,0,,127.0,4.0,-0.5,,SKIP
2026-09-02,ANAホールディングス,9202,9202.T,2992.0,78.1,E,対象外,9.3,6.1,0.9,13.2,198.0,22.6,-19.0,40.4,-1.48,-2.76,-3.48,-1.89,-3.5,6.3,-5.0,-3.07,-7.11,1792160.0,3086.8,2998.0,2961.9,51.66,2973.5,2902.0,3052.0,2753.0,3441.0,2914.5,2958.6,15.0,-8.0,1.88,,,200日線上、3か月上昇、25日線付近、PER良好、PBR良好、ROE良好、配当あり、売上成長、値動き安定、下落浅い,124,,,,,0,,58.0,-66.0,-20.200000000000003,,SKIP
2026-09-02,住友化学,4005,4005.T,620.9,77.6,E,対象外,16.7,15.9,0.9,13.2,258.0,9.9,,74.4,0.13,11.95,28.76,4.76,28.8,4.4,13.3,15.8,0.0,12851595.0,536.2,548.9,513.7,18.6,476.0,602.0,633.0,571.0,714.0,593.0,473.6,15.0,-8.0,1.87,,,200日線上、75日線上、3か月上昇、6か月上昇、PER良好、PBR良好、ROE良好、配当あり、売上成長、値動き安定、下落浅い,125,,,,,0,,106.0,-19.0,-7.5,,SKIP
2026-09-02,第一三共,4568,4568.T,2846.0,77.5,E,対象外,20.3,19.8,3.0,14.8,351.0,21.1,-18.1,54.6,-0.16,-1.86,13.84,-5.32,13.8,19.0,-1.7,2.73,-2.9,5528730.0,2770.3,2682.7,2922.9,78.16,2508.0,2761.0,2903.0,2618.0,3273.0,2728.8,2495.5,15.0,-8.0,1.87,,,75日線上、RSI適正、3か月上昇、25日線付近、PER良好、ROE良好、配当あり、売上成長、値動き安定、下落浅い,126,,,,,0,,147.0,21.0,3.799999999999997,,SKIP
2026-09-02,アルプスアルパイン,6770,6770.T,2278.0,77.3,E,対象外,16.9,21.3,1.0,6.2,275.0,-0.4,,58.8,-2.29,3.8,11.53,0.92,11.5,7.6,1.6,4.07,-2.29,1300935.0,2188.9,2143.6,2105.8,65.27,2035.0,2210.0,2324.0,2096.0,2620.0,2180.1,2024.8,15.0,-8.0,1.88,,,200日線上、75日線上、RSI適正、3か月上昇、6か月上昇、25日線付近、PER良好、PBR良好、ROE良好、配当あり、値動き安定、下落浅い,127,,,,,0,,131.0,4.0,-0.29999999999999716,,SKIP
2026-09-02,電通グループ,4324,4324.T,3805.0,77.0,E,対象外,,11.8,2.3,-34.9,,6.3,,61.5,2.12,5.17,9.31,2.84,9.3,23.7,32.5,4.79,-1.78,1197905.0,3631.2,3336.9,3179.1,116.96,3400.0,3691.0,3881.0,3501.0,4376.0,3629.6,3383.0,15.0,-8.0,1.88,,,200日線上、75日線上、RSI適正、3か月上昇、6か月上昇、25日線付近、PBR良好、売上成長、値動き安定、下落浅い,128,,,,,0,,141.0,13.0,1.4000000000000057,,SKIP
2026-09-02,大林組,1802,1802.T,3050.0,76.0,E,対象外,12.2,22.1,1.7,16.2,307.0,19.0,122.3,48.6,-0.49,2.59,-2.31,3.17,-2.3,-1.2,-28.3,-0.06,-10.43,2581285.0,3051.9,3170.3,3414.7,69.25,2891.0,2958.0,3111.0,2806.0,3507.0,2946.1,2876.5,15.0,-8.0,1.87,,,RSI適正、25日線付近、PER良好、PBR良好、ROE良好、配当あり、売上成長、利益成長、値動き安定、下落浅い,129,,,,,0,,140.0,11.0,0.0,,SKIP
2026-09-02,日立製作所,6501,6501.T,5475.0,75.7,E,対象外,31.0,30.7,3.7,,101.0,20.0,0.5,56.3,-1.19,3.17,1.16,2.87,1.2,5.6,8.6,0.92,-5.06,10294615.0,5425.0,5038.2,4999.3,155.86,5166.0,5311.0,5584.0,5037.0,6296.0,5241.2,5140.2,15.0,-8.0,1.87,該当,,200日線上、75日線上、RSI適正、3か月上昇、6か月上昇、25日線付近、配当あり、売上成長、利益成長、値動き安定、下落浅い,130,,,,,0,,137.0,7.0,-0.7000000000000028,,SKIP
2026-09-02,松井証券,8628,8628.T,1213.0,75.1,E,対象外,20.2,24.8,3.5,,462.0,48.3,94.9,75.1,0.08,7.63,17.31,3.3,17.3,29.5,27.4,9.39,0.0,814110.0,1108.8,1031.5,938.7,24.59,1037.0,1177.0,1237.0,1116.0,1395.0,1176.1,1031.8,15.0,-8.0,1.88,,,200日線上、75日線上、3か月上昇、6か月上昇、PER良好、配当あり、売上成長、利益成長、値動き安定、下落浅い、RSI過熱,131,,,,,0,,138.0,7.0,-0.9000000000000057,,SKIP
2026-09-02,東ソー,4042,4042.T,2714.5,74.7,E,対象外,20.5,12.3,1.0,,367.0,11.8,208.3,51.9,-0.42,2.28,2.28,1.71,2.3,-5.3,2.0,0.94,-10.88,1037050.0,2689.3,2762.1,2537.5,56.63,2595.0,2633.0,2769.0,2497.0,3122.0,2629.6,2582.0,15.0,-8.0,1.87,,,200日線上、RSI適正、6か月上昇、25日線付近、PER良好、PBR良好、配当あり、売上成長、利益成長、値動き安定、下落浅い,132,,,,,0,,143.0,11.0,-0.20000000000000284,,SKIP
2026-09-02,良品計画,7453,7453.T,4267.0,73.9,E,対象外,38.0,27.1,6.2,-4.8,74.0,-3.3,,50.5,-1.91,-0.33,1.68,-0.75,1.7,20.2,17.8,-1.15,-5.37,2446875.0,4316.9,3927.2,3536.5,127.94,4153.5,4139.0,4352.0,3926.0,4907.0,4075.1,4132.7,15.0,-8.0,1.88,,,200日線上、75日線上、RSI適正、3か月上昇、6か月上昇、25日線付近、配当あり、値動き安定、下落浅い,133,,,,,0,,144.0,11.0,-0.6999999999999886,,SKIP
2026-09-02,ニトリホールディングス,9843,9843.T,2985.0,73.5,E,対象外,18.9,3.3,1.7,9.2,106.0,-2.3,-1.5,57.8,-1.49,-1.49,13.93,-4.97,13.9,9.0,-3.1,2.88,-3.71,3279745.0,2901.4,2628.3,2653.0,88.2,2577.5,2895.0,3045.0,2746.0,3433.0,2852.7,2564.6,15.0,-8.0,1.87,,,200日線上、75日線上、RSI適正、3か月上昇、25日線付近、PER良好、PBR良好、ROE良好、配当あり、下落浅い,134,,,,,0,,130.0,-4.0,-4.099999999999994,,SKIP
2026-09-02,富士電機,6504,6504.T,13325.0,73.0,E,対象外,20.0,21.9,2.5,14.3,157.0,10.2,90.3,42.6,-2.52,-4.58,-5.46,-3.22,-5.5,-10.8,-1.0,-5.24,-11.17,704740.0,14061.4,14069.1,12558.1,567.1,13240.0,12925.0,13592.0,12259.0,15324.0,12474.3,13173.8,15.0,-8.0,1.88,該当,,200日線上、25日線付近、PER良好、PBR良好、ROE良好、配当あり、売上成長、利益成長、値動き安定、下落浅い,135,,,,,0,,119.0,-16.0,-9.099999999999994,,SKIP
2026-09-02,大日本印刷,7912,7912.T,3053.0,73.0,E,対象外,13.0,15.6,1.1,6.9,132.0,1.9,-45.7,41.9,-1.52,-2.55,5.04,-3.81,5.0,14.0,-6.7,-2.04,-8.01,1386200.0,3116.7,2955.2,2887.3,78.1,2906.0,2961.0,3114.0,2809.0,3511.0,2935.8,2891.5,15.0,-8.0,1.88,,,200日線上、75日線上、3か月上昇、25日線付近、PER良好、PBR良好、ROE良好、配当あり、売上成長、値動き安定、下落浅い,136,,,,,0,,105.0,-31.0,-12.200000000000003,,SKIP
2026-09-02,清水建設,1803,1803.T,2442.5,73.0,E,対象外,13.1,29.8,1.6,17.6,314.0,9.3,398.2,53.5,-0.47,2.05,1.86,1.58,1.9,-0.8,-30.5,2.42,-10.1,2725260.0,2384.7,2489.6,2717.2,66.42,2278.5,2369.0,2491.0,2247.0,2809.0,2342.9,2267.1,15.0,-8.0,1.87,,,RSI適正、25日線付近、PER良好、PBR良好、ROE良好、配当あり、売上成長、利益成長、値動き安定、下落浅い,137,,,,,0,,149.0,12.0,0.0,,SKIP
2026-09-02,古河電気工業,5801,5801.T,3824.0,72.7,E,対象外,37.2,12.9,6.2,22.6,57.0,24.3,331.9,48.9,-0.88,-2.07,7.23,-3.88,7.2,-25.2,29.1,0.81,-34.07,32898700.0,3793.2,4221.4,3024.4,294.52,3436.0,3709.0,3900.0,3518.0,4398.0,3382.2,3418.8,15.0,-8.0,1.88,,,200日線上、RSI適正、6か月上昇、25日線付近、ROE良好、配当あり、売上成長、利益成長、下落大,138,,,,,0,,148.0,10.0,-0.29999999999999716,,SKIP
2026-09-02,住友ファーマ,4506,4506.T,1623.0,72.4,E,対象外,6.0,94.9,1.8,38.5,,19.9,38.3,73.5,2.08,11.62,31.95,3.64,32.0,14.7,-33.0,17.44,0.0,3045450.0,1382.0,1425.3,1930.7,54.56,1222.5,1574.0,1655.0,1493.0,1866.0,1541.2,1216.4,15.0,-8.0,1.87,,,75日線上、3か月上昇、PER良好、PBR良好、ROE良好、売上成長、利益成長、値動き安定、下落浅い,139,,,,,0,,134.0,-5.0,-4.3999999999999915,,SKIP
2026-09-02,東急不動産ホールディングス,3289,3289.T,1343.0,71.8,E,対象外,9.9,12.4,1.1,10.5,369.0,-0.8,-16.3,53.6,-0.92,-0.26,4.51,-1.39,4.5,5.7,-11.3,1.07,-4.21,2448120.0,1328.8,1316.0,1368.2,22.92,1275.5,1303.0,1370.0,1236.0,1544.0,1308.6,1269.1,15.0,-8.0,1.88,,,75日線上、RSI適正、3か月上昇、25日線付近、PER良好、PBR良好、ROE良好、配当あり、値動き安定、下落浅い,140,,,,,0,,150.0,10.0,0.29999999999999716,,SKIP
2026-09-02,レゾナック・ホールディングス,4004,4004.T,15420.0,71.8,E,対象外,52.9,61.9,3.7,8.1,41.0,15.0,170.4,46.3,-3.75,-3.59,5.01,-4.85,5.0,-13.7,23.5,-1.57,-20.21,2429385.0,15666.2,16516.7,12263.4,962.2,15005.0,14957.0,15728.0,14186.0,17733.0,13976.7,14930.0,15.0,-8.0,1.87,,,200日線上、RSI適正、6か月上昇、25日線付近、ROE良好、配当あり、売上成長、利益成長,141,,,,,0,,146.0,5.0,-2.200000000000003,,SKIP
2026-09-02,京セラ,6971,6971.T,3559.0,71.0,E,対象外,34.6,39.8,1.4,5.1,154.0,9.9,75.2,42.5,-2.44,-1.82,-4.87,-0.6,-4.9,-9.0,29.9,-3.79,-9.12,4012355.0,3699.2,3616.0,2860.7,112.15,3490.0,3452.0,3630.0,3274.0,4093.0,3390.8,3472.6,15.0,-8.0,1.87,,,200日線上、6か月上昇、25日線付近、PBR良好、ROE良好、配当あり、売上成長、利益成長、値動き安定、下落浅い,142,,,,,0,,76.0,-66.0,-22.0,,SKIP
2026-09-02,フジクラ,5803,5803.T,5193.0,70.4,E,対象外,54.8,17.1,14.1,39.0,72.0,,,49.4,-1.98,-2.11,12.21,-5.16,12.2,8.1,10.1,0.95,-19.95,62315675.0,5144.2,5044.7,4394.0,359.25,4380.0,5037.0,5297.0,4778.0,5972.0,4654.1,4358.1,15.0,-8.0,1.88,,,200日線上、75日線上、RSI適正、3か月上昇、6か月上昇、25日線付近、ROE良好、配当あり,143,,,,,0,,136.0,-7.0,-6.299999999999997,,SKIP
2026-09-02,丸井グループ,8252,8252.T,2914.0,70.2,E,対象外,18.4,18.4,2.2,12.4,456.0,7.4,14.4,44.6,-0.73,-2.28,2.77,-2.97,2.8,8.4,-5.9,-1.43,-5.85,950705.0,2956.3,2880.1,2988.0,47.86,2848.5,2827.0,2972.0,2681.0,3351.0,2842.2,2834.3,15.0,-8.0,1.88,,,75日線上、3か月上昇、25日線付近、PER良好、PBR良好、ROE良好、配当あり、売上成長、利益成長、値動き安定、下落浅い,144,,,,,0,,163.0,19.0,0.5,,SKIP
2026-09-02,帝人,3401,3401.T,1798.5,70.1,E,対象外,,5.0,0.8,-9.9,274.0,-8.7,,61.4,-1.45,3.87,9.77,1.43,9.8,10.6,5.4,4.15,-1.45,724225.0,1726.8,1675.0,1554.9,43.23,1612.0,1745.0,1834.0,1655.0,2068.0,1733.7,1603.9,15.0,-8.0,1.88,,,200日線上、75日線上、RSI適正、3か月上昇、6か月上昇、25日線付近、PBR良好、配当あり、値動き安定、下落浅い,145,,,,,0,,155.0,10.0,-0.8000000000000114,,SKIP
2026-09-02,デンソー,6902,6902.T,1949.0,70.1,E,対象外,12.0,10.1,1.0,9.2,374.0,9.1,-10.5,50.8,-1.62,1.56,3.09,0.79,3.1,2.2,-10.6,-0.15,-11.73,6660985.0,1952.0,1926.6,1991.1,40.23,1883.5,1891.0,1988.0,1793.0,2241.0,1888.6,1874.1,15.0,-8.0,1.87,,,75日線上、RSI適正、3か月上昇、25日線付近、PER良好、PBR良好、ROE良好、配当あり、売上成長、値動き安定、下落浅い,146,,,,,0,,151.0,5.0,-1.2000000000000028,,SKIP
2026-09-02,三菱地所,8802,8802.T,3811.0,70.0,E,対象外,21.0,25.3,1.7,10.7,130.0,39.4,207.4,49.5,-0.78,0.74,3.0,-0.01,3.0,-3.1,-27.8,1.14,-12.55,3897005.0,3768.2,3984.2,4125.8,90.96,3549.0,3697.0,3887.0,3506.0,4383.0,3674.6,3531.3,15.0,-8.0,1.88,,,RSI適正、25日線付近、PER良好、PBR良好、ROE良好、配当あり、売上成長、利益成長、値動き安定、下落浅い,147,,,,,0,,158.0,11.0,0.0,,SKIP
2026-09-02,富士フイルムホールディングス,4901,4901.T,3416.0,70.0,E,対象外,14.9,14.7,1.0,7.1,217.0,10.3,-30.0,51.2,-1.21,3.52,-8.76,5.71,-8.8,-3.7,9.0,-0.24,-11.91,6608635.0,3424.3,3451.8,3263.2,94.49,3114.0,3314.0,3484.0,3143.0,3928.0,3274.3,3098.4,15.0,-8.0,1.88,,,200日線上、RSI適正、6か月上昇、25日線付近、PER良好、PBR良好、ROE良好、配当あり、売上成長、下落浅い,148,,,,,0,,153.0,5.0,-1.0999999999999943,,SKIP
2026-09-02,ネクソン,3659,3659.T,3171.0,70.0,E,対象外,18.6,19.0,2.3,12.5,187.0,1.9,80.4,75.4,-1.06,1.6,33.57,-6.79,33.6,45.8,-1.6,12.48,-1.06,3542050.0,2819.1,2427.1,2976.9,101.85,2310.0,3076.0,3234.0,2917.0,3647.0,3018.2,2298.4,15.0,-8.0,1.87,,,200日線上、75日線上、3か月上昇、PER良好、PBR良好、ROE良好、配当あり、売上成長、利益成長、下落浅い、RSI過熱,149,,,,,0,,156.0,7.0,-0.4000000000000057,,SKIP
2026-09-02,TDK,6762,6762.T,2981.0,69.6,E,対象外,28.9,27.9,2.5,11.6,130.0,38.3,94.3,42.1,-3.18,-1.65,-2.33,-1.07,-2.3,-24.5,28.8,-2.4,-26.63,7743015.0,3054.2,3381.5,2704.7,123.53,2944.0,2892.0,3041.0,2743.0,3428.0,2795.7,2929.3,15.0,-8.0,1.88,,,200日線上、6か月上昇、25日線付近、PER良好、PBR良好、ROE良好、配当あり、売上成長、利益成長、値動き安定、下落大,150,,,,,0,,109.0,-41.0,-15.0,,SKIP
2026-09-02,ファーストリテイリング,9983,9983.T,70570.0,69.5,E,対象外,45.2,51.6,7.9,22.5,90.0,22.2,39.1,32.1,-0.97,-1.71,-9.93,0.77,-9.9,-10.1,4.6,-6.44,-19.35,887120.0,75425.6,78472.7,68704.4,1771.16,70200.0,68453.0,71981.0,64924.0,81156.0,67913.3,69849.0,15.0,-8.0,1.87,,,200日線上、6か月上昇、25日線付近、ROE良好、配当あり、売上成長、利益成長、値動き安定,151,,,,,0,,160.0,9.0,-0.5,,SKIP
2026-09-02,明治ホールディングス,2269,2269.T,4548.0,68.8,E,対象外,35.2,21.7,1.6,5.5,242.0,5.8,51.2,76.6,0.09,1.54,24.57,-4.6,24.6,24.0,14.4,8.49,0.0,1218535.0,4192.2,3892.6,3716.2,93.11,3598.0,4412.0,4639.0,4184.0,5230.0,4408.3,3580.0,15.0,-8.0,1.87,,,200日線上、75日線上、3か月上昇、6か月上昇、PBR良好、ROE良好、配当あり、売上成長、利益成長、値動き安定、下落浅い、RSI過熱,152,,,,,0,,164.0,12.0,-0.7000000000000028,,SKIP
2026-09-02,大阪ガス,9532,9532.T,5880.0,68.1,E,対象外,15.0,20.1,1.2,7.9,221.0,1.5,-23.8,73.8,0.02,5.0,9.4,2.65,9.4,8.1,-8.8,6.21,0.0,816965.0,5536.2,5492.3,5700.7,109.66,5266.0,5704.0,5998.0,5410.0,6762.0,5715.5,5239.7,15.0,-8.0,1.88,,,200日線上、75日線上、3か月上昇、25日線付近、PER良好、PBR良好、ROE良好、配当あり、売上成長、値動き安定、下落浅い,153,,,,,0,,157.0,4.0,-2.0,,SKIP
2026-09-02,東京ガス,9531,9531.T,6341.0,68.0,E,対象外,9.7,23.4,1.2,9.6,188.0,4.0,-62.1,66.6,-0.44,3.97,5.02,2.71,5.0,2.0,-16.9,4.01,-0.84,961410.0,6096.7,6180.0,6550.4,120.37,5876.0,6151.0,6468.0,5834.0,7292.0,6160.4,5846.6,15.0,-8.0,1.88,,,75日線上、RSI適正、3か月上昇、25日線付近、PER良好、PBR良好、ROE良好、配当あり、売上成長、値動き安定、下落浅い,154,,,,,0,,166.0,12.0,0.29999999999999716,,SKIP
2026-09-02,セコム,9735,9735.T,6521.0,67.5,E,対象外,23.6,27.5,2.0,8.7,185.0,3.6,-0.7,49.8,0.38,1.45,-2.32,2.03,-2.3,2.8,9.5,-0.77,-9.08,1210440.0,6571.5,6540.0,6037.4,126.14,6252.0,6325.0,6651.0,5999.0,7499.0,6331.8,6220.7,15.0,-8.0,1.87,,,200日線上、RSI適正、3か月上昇、6か月上昇、25日線付近、PER良好、PBR良好、ROE良好、配当あり、売上成長、値動き安定、下落浅い,155,,,,,0,,167.0,12.0,0.0,,SKIP
2026-09-02,J.フロント リテイリング,3086,3086.T,2878.0,67.4,E,対象外,25.5,22.6,1.7,6.5,191.0,-3.9,-5.0,42.9,-1.88,-7.22,0.94,-7.46,0.9,32.2,16.1,-2.51,-19.72,1111390.0,2952.2,2793.8,2506.7,84.54,2793.4,2792.0,2936.0,2648.0,3310.0,2751.2,2779.4,15.0,-8.0,1.88,,,200日線上、75日線上、3か月上昇、6か月上昇、25日線付近、PER良好、PBR良好、ROE良好、配当あり、値動き安定,156,,,,,0,,135.0,-21.0,-9.299999999999997,,SKIP
2026-09-02,任天堂,7974,7974.T,8936.0,67.4,E,対象外,24.5,26.3,3.5,,241.0,-9.5,55.0,62.3,-1.83,0.45,18.23,-4.11,18.2,22.9,4.2,5.94,-1.83,9715765.0,8435.3,7581.8,8964.5,277.25,7403.0,8668.0,9115.0,8221.0,10276.0,8520.1,7366.0,15.0,-8.0,1.87,,,75日線上、RSI適正、3か月上昇、6か月上昇、25日線付近、PER良好、配当あり、利益成長、値動き安定、下落浅い,157,,,,,0,,129.0,-28.0,-10.399999999999991,,SKIP
2026-09-02,JR東日本,9020,9020.T,3610.0,67.0,E,対象外,16.5,17.5,1.3,7.9,233.0,8.0,-13.4,55.9,0.08,0.73,5.93,-0.76,5.9,10.1,-6.0,1.99,-8.26,2809110.0,3539.5,3504.8,3684.5,76.12,3351.0,3502.0,3682.0,3321.0,4152.0,3495.8,3334.2,15.0,-8.0,1.88,,,75日線上、RSI適正、3か月上昇、25日線付近、PER良好、PBR良好、ROE良好、配当あり、売上成長、値動き安定、下落浅い,158,,,,,0,,171.0,13.0,1.0,,SKIP
2026-09-02,中外製薬,4519,4519.T,6939.0,67.0,E,対象外,24.2,29.4,5.6,23.5,190.0,17.8,19.7,46.7,0.07,-1.59,3.88,-2.56,3.9,-7.5,-31.0,-0.08,-9.2,2207970.0,6944.6,7292.3,8052.3,158.91,6578.0,6731.0,7078.0,6384.0,7980.0,6700.6,6545.1,15.0,-8.0,1.88,,,RSI適正、25日線付近、PER良好、ROE良好、配当あり、売上成長、利益成長、値動き安定、下落浅い,159,,,,,0,,168.0,9.0,0.0,,SKIP
2026-09-02,日本ハム,2282,2282.T,6369.0,66.6,E,対象外,17.6,18.5,1.1,6.7,282.0,8.7,-0.8,54.7,-0.06,0.05,9.89,-2.42,9.9,9.1,-9.0,1.35,-4.51,527240.0,6284.1,6156.4,6495.7,125.38,5756.0,6178.0,6496.0,5859.0,7324.0,6180.9,5727.2,15.0,-8.0,1.87,,,75日線上、RSI適正、3か月上昇、25日線付近、PER良好、PBR良好、ROE良好、配当あり、売上成長、値動き安定、下落浅い,160,,,,,0,,170.0,10.0,0.0,,SKIP
2026-09-02,東京エレクトロン,8035,8035.T,52540.0,65.3,E,対象外,41.9,41.0,11.1,30.9,136.0,33.3,40.4,36.8,-4.44,-5.33,-7.34,-3.5,-7.3,-17.5,21.8,-5.71,-33.32,2750915.0,55723.2,61917.7,47763.2,2936.11,52520.0,50964.0,53591.0,48337.0,60421.0,48135.8,52257.4,15.0,-8.0,1.88,該当,,200日線上、6か月上昇、25日線付近、ROE良好、配当あり、売上成長、利益成長、値動き安定、下落大,161,,,,,0,,169.0,8.0,-1.2999999999999972,,SKIP
2026-09-02,サッポロホールディングス,2501,2501.T,1858.0,65.3,E,対象外,76.8,10.8,1.4,2.4,215.0,0.7,4836.4,39.2,-0.19,-3.61,-3.81,-2.65,-3.8,18.6,6.1,-4.97,-14.1,1311025.0,1955.1,1864.5,1732.5,55.36,1854.0,1802.0,1895.0,1709.0,2137.0,1775.0,1844.7,15.0,-8.0,1.87,,,200日線上、3か月上昇、6か月上昇、25日線付近、PBR良好、配当あり、売上成長、利益成長、値動き安定、下落浅い,162,,,,,0,,133.0,-29.0,-11.700000000000003,,SKIP
2026-09-02,キオクシアホールディングス,285A,285A.T,49950.0,65.0,E,対象外,49.5,,11.4,87.1,,415.5,4418.8,45.4,-2.06,-0.1,-4.11,0.93,-4.1,-35.1,132.2,-0.86,-54.05,37900415.0,50382.4,66621.7,37656.0,5082.38,44170.0,48452.0,50949.0,45954.0,57442.0,42326.4,43949.2,15.0,-8.0,1.87,該当,,200日線上、RSI適正、6か月上昇、25日線付近、ROE良好、売上成長、利益成長、下落大,163,,,,,0,,173.0,10.0,0.0,,SKIP
2026-09-02,東京地下鉄,9023,9023.T,1468.5,64.6,E,対象外,14.4,,1.2,7.4,299.0,2.8,-24.6,51.7,-0.14,-0.47,2.41,-1.08,2.4,7.2,-10.8,0.11,-3.26,1426345.0,1466.8,1439.5,1541.7,21.19,1415.0,1424.0,1498.0,1351.0,1689.0,1436.7,1407.9,15.0,-8.0,1.88,,,75日線上、RSI適正、3か月上昇、25日線付近、PER良好、PBR良好、ROE良好、配当あり、売上成長、値動き安定、下落浅い,164,,,,,0,,174.0,10.0,0.6999999999999957,,SKIP
2026-09-02,オークマ,6103,6103.T,4650.0,64.6,E,対象外,22.4,16.8,1.1,6.5,252.0,16.3,262.9,34.5,-2.52,-5.2,-9.53,-2.82,-9.5,14.1,1.7,-8.5,-16.67,448910.0,5082.2,4687.9,4224.8,170.05,4630.0,4510.0,4743.0,4278.0,5348.0,4394.9,4606.9,15.0,-8.0,1.88,,,200日線上、3か月上昇、6か月上昇、PER良好、PBR良好、ROE良好、配当あり、売上成長、利益成長、値動き安定,165,,,,,0,,93.0,-72.0,-24.700000000000003,,SKIP
2026-09-02,ニデック,6594,6594.T,2509.0,61.5,E,対象外,23.9,13.2,1.6,6.3,192.0,2.9,108.7,38.0,-2.41,-3.13,-7.69,-1.21,-7.7,-12.4,7.4,-5.68,-10.87,2864265.0,2660.2,2670.1,2391.3,84.17,2492.0,2434.0,2559.0,2308.0,2885.0,2382.7,2479.5,15.0,-8.0,1.87,該当,,200日線上、6か月上昇、25日線付近、PER良好、PBR良好、ROE良好、配当あり、売上成長、利益成長、値動き安定、下落浅い,166,,,,,0,,178.0,12.0,0.0,,SKIP
2026-09-02,日本精工,6471,6471.T,1118.0,61.0,E,対象外,24.0,19.2,0.8,4.9,299.0,30.6,793.2,46.1,-1.8,0.9,-3.25,1.71,-3.2,-5.0,-19.4,-1.93,-8.21,1765095.0,1140.0,1158.1,1123.7,31.19,1082.0,1084.0,1140.0,1029.0,1286.0,1071.2,1076.6,15.0,-8.0,1.89,,,RSI適正、25日線付近、PER良好、PBR良好、配当あり、売上成長、利益成長、値動き安定、下落浅い,167,,,,,0,,139.0,-28.0,-15.0,,SKIP
2026-09-02,村田製作所,6981,6981.T,6948.0,60.0,E,対象外,54.4,29.3,4.6,10.1,96.0,20.7,66.5,40.7,-4.69,-3.3,-2.54,-2.66,-2.5,-29.8,72.5,-5.18,-43.28,23918250.0,7327.3,8720.5,5596.0,519.22,6871.0,6740.0,7087.0,6392.0,7990.0,6169.2,6836.6,15.0,-8.0,1.87,該当,,200日線上、6か月上昇、25日線付近、ROE良好、配当あり、売上成長、利益成長、下落大,168,,,,,0,,181.0,13.0,0.0,,SKIP
2026-09-02,アマダ,6113,6113.T,2511.5,60.0,E,対象外,25.4,19.6,1.5,,248.0,29.7,108.2,37.4,-2.62,-2.28,-11.35,0.56,-11.3,-14.8,-4.3,-6.51,-21.52,2107935.0,2686.3,2850.3,2427.0,101.12,2490.5,2436.0,2562.0,2311.0,2888.0,2359.8,2478.0,15.0,-8.0,1.88,,,200日線上、25日線付近、PER良好、PBR良好、配当あり、売上成長、利益成長、値動き安定,169,,,,,0,,190.0,21.0,5.899999999999999,,SKIP
2026-09-02,IHI,7013,7013.T,2674.5,59.7,E,対象外,17.6,4.6,4.1,33.4,84.0,10.9,361.1,44.5,-2.25,1.38,-7.12,3.16,-7.1,5.4,-39.5,-3.83,-12.91,13881885.0,2781.1,2749.1,3098.8,116.45,2608.0,2594.0,2728.0,2461.0,3076.0,2499.8,2595.0,15.0,-8.0,1.88,,,3か月上昇、25日線付近、PER良好、ROE良好、配当あり、売上成長、利益成長、下落浅い,170,,,,,0,,161.0,-9.0,-10.200000000000003,,SKIP
2026-09-02,三井不動産,8801,8801.T,1541.0,59.5,E,対象外,15.2,16.2,1.3,6.7,238.0,-23.1,-37.4,56.1,-0.9,1.38,4.55,0.25,4.5,5.0,-25.2,2.36,-5.29,9295165.0,1505.5,1515.8,1688.0,33.02,1425.0,1495.0,1572.0,1418.0,1772.0,1491.5,1417.9,15.0,-8.0,1.88,,,75日線上、RSI適正、3か月上昇、25日線付近、PER良好、PBR良好、ROE良好、配当あり、値動き安定、下落浅い,171,,,,,0,,186.0,15.0,1.2000000000000028,,SKIP
2026-09-02,シャープ,6753,6753.T,658.2,59.2,E,対象外,9.0,12.1,1.4,9.6,,-7.9,-88.6,55.8,-2.24,2.7,6.56,1.06,6.6,-2.0,6.7,2.88,-2.58,3484035.0,639.7,631.1,667.5,21.38,591.2,638.0,671.0,606.0,757.0,626.1,588.2,15.0,-7.9,1.89,,,75日線上、RSI適正、6か月上昇、25日線付近、PER良好、PBR良好、ROE良好、値動き安定、下落浅い,172,,,,,0,,142.0,-30.0,-16.200000000000003,,SKIP
2026-09-02,日本ガイシ,5333,5333.T,5184.0,59.0,E,対象外,25.2,26.0,1.8,9.2,198.0,10.6,69.3,35.1,-3.28,-4.21,-7.48,-2.34,-7.5,-18.4,15.1,-6.88,-33.99,1317240.0,5566.8,6260.9,4791.0,236.53,5130.0,5028.0,5288.0,4769.0,5962.0,4829.2,5104.4,15.0,-8.0,1.87,,,200日線上、6か月上昇、25日線付近、PER良好、PBR良好、ROE良好、配当あり、売上成長、利益成長、値動き安定、下落大,173,,,,,0,,179.0,6.0,-2.5,,SKIP
2026-09-02,NTN,6472,6472.T,376.5,58.0,E,対象外,16.1,15.9,0.7,5.3,338.0,6.7,63.0,46.5,-2.16,1.05,-5.95,2.53,-5.9,-12.1,-7.6,-1.29,-15.07,3064450.0,381.4,401.0,379.1,11.17,364.9,365.0,384.0,346.0,433.0,359.7,363.1,15.0,-8.1,1.85,,,RSI適正、25日線付近、PER良好、PBR良好、ROE良好、配当あり、売上成長、利益成長、値動き安定,174,,,,,0,,175.0,1.0,-5.0,,SKIP
2026-09-02,三越伊勢丹ホールディングス,3099,3099.T,3444.0,57.6,E,対象外,16.1,21.3,2.0,,171.0,3.8,23.0,38.5,-2.05,-4.04,-2.77,-3.35,-2.8,-0.3,13.7,-3.15,-17.31,2719505.0,3556.1,3654.4,3074.4,100.75,3416.0,3341.0,3513.0,3168.0,3961.0,3292.9,3398.9,15.0,-8.0,1.87,,,200日線上、6か月上昇、25日線付近、PER良好、PBR良好、配当あり、売上成長、利益成長、値動き安定,175,,,,,0,,182.0,7.0,-1.5,,SKIP
2026-09-02,SUBARU,7270,7270.T,2683.5,57.2,E,対象外,21.4,6.0,0.7,3.1,424.0,3.0,-8.0,55.8,-1.9,2.21,3.85,1.25,3.9,8.4,-5.9,2.2,-5.79,4525250.0,2625.7,2537.6,2807.3,68.2,2444.0,2603.0,2737.0,2469.0,3086.0,2581.2,2431.8,15.0,-8.0,1.88,,,75日線上、RSI適正、3か月上昇、25日線付近、PER良好、PBR良好、配当あり、売上成長、値動き安定、下落浅い,176,,,,,0,,183.0,7.0,-1.7999999999999972,,SKIP
2026-09-02,東急,9005,9005.T,1660.5,57.0,E,対象外,10.9,14.5,1.0,,192.0,4.6,45.0,45.1,-0.12,0.15,-1.04,0.41,-1.0,-0.4,-15.9,-1.01,-10.07,2283145.0,1677.5,1682.7,1760.5,26.27,1626.0,1611.0,1694.0,1528.0,1910.0,1621.1,1617.9,15.0,-8.0,1.88,,,RSI適正、25日線付近、PER良好、PBR良好、配当あり、売上成長、利益成長、値動き安定、下落浅い,177,,,,,0,,187.0,10.0,-0.7999999999999972,,SKIP
2026-09-02,東京電力ホールディングス,9501,9501.T,564.8,56.2,E,対象外,,2.7,0.3,12.5,,3.9,,61.4,-1.31,4.92,8.03,2.91,8.0,4.4,-15.4,6.69,-1.31,34626070.0,529.4,518.0,613.9,21.79,498.4,548.0,576.0,520.0,650.0,532.1,495.9,15.1,-7.9,1.9,,,75日線上、RSI適正、3か月上昇、25日線付近、PBR良好、ROE良好、売上成長、値動き安定、下落浅い,178,,,,,0,,189.0,11.0,2.0,,SKIP
2026-09-02,HOYA,7741,7741.T,24650.0,56.0,E,対象外,33.1,36.1,8.1,26.5,119.0,16.2,30.0,42.8,-0.96,-1.26,-4.92,-0.03,-4.9,-6.7,-11.8,-2.5,-13.55,884195.0,25282.0,25747.1,26038.7,651.31,24070.0,23910.0,25143.0,22678.0,28347.0,23673.0,23949.7,15.0,-8.0,1.87,,,25日線付近、ROE良好、配当あり、売上成長、利益成長、値動き安定、下落浅い,179,,,,,0,,172.0,-7.0,-10.0,,SKIP
2026-09-02,住友電気工業,5802,5802.T,2198.0,54.0,E,対象外,18.6,9.9,2.4,15.8,177.0,15.9,89.1,45.1,-0.5,-0.61,1.69,-1.03,1.7,-34.7,-18.2,-1.04,-34.87,21275135.0,2221.0,2616.9,2270.5,120.55,2057.5,2132.0,2242.0,2022.0,2528.0,2017.2,2047.2,15.0,-8.0,1.87,,,RSI適正、25日線付近、PER良好、PBR良好、ROE良好、配当あり、売上成長、利益成長、下落大,180,,,,,0,,191.0,11.0,0.0,,SKIP
2026-09-02,ヤマトホールディングス,9064,9064.T,1929.5,53.7,E,対象外,46.5,17.8,1.1,2.3,234.0,1.4,,45.4,-1.93,-1.38,0.73,-1.56,0.7,7.2,3.5,-1.72,-11.49,1227770.0,1963.4,1896.6,1934.7,42.87,1840.0,1872.0,1968.0,1775.0,2219.0,1865.2,1830.8,15.0,-8.0,1.87,,,75日線上、RSI適正、3か月上昇、6か月上昇、25日線付近、PBR良好、配当あり、売上成長、値動き安定、下落浅い,181,,,,,0,,159.0,-22.0,-16.299999999999997,,SKIP
2026-09-02,日本取引所グループ,8697,8697.T,2192.5,53.1,E,対象外,37.3,35.4,7.0,,352.0,,,44.7,-1.08,-4.19,-0.07,-4.18,-0.1,7.5,4.0,-2.13,-4.42,2928210.0,2240.1,2144.4,1921.2,52.58,2135.0,2127.0,2236.0,2017.0,2521.0,2113.6,2124.3,15.0,-8.0,1.87,,,200日線上、75日線上、3か月上昇、6か月上昇、25日線付近、配当あり、値動き安定、下落浅い,182,,,,,0,,165.0,-17.0,-15.800000000000004,,SKIP
2026-09-02,AGC,5201,5201.T,5748.0,53.0,E,対象外,13.4,13.9,0.8,6.1,359.0,13.5,74.5,41.9,-1.83,0.16,2.92,-0.57,2.9,-28.1,-15.8,-1.57,-23.4,1264085.0,5839.4,6489.4,5898.6,155.74,5611.0,5576.0,5863.0,5288.0,6610.0,5514.4,5582.9,15.0,-8.0,1.87,,,25日線付近、PER良好、PBR良好、ROE良好、配当あり、売上成長、利益成長、値動き安定,183,,,,,0,,176.0,-7.0,-10.0,,SKIP
2026-09-02,トレンドマイクロ,4704,4704.T,5862.0,52.7,E,対象外,21.7,19.6,6.4,30.0,306.0,12.5,-35.6,46.4,-3.03,5.26,-9.34,7.6,-9.3,-5.8,11.1,-4.34,-15.85,1040520.0,6127.8,6129.9,6118.4,224.88,5302.0,5686.0,5979.0,5393.0,6741.0,5524.7,5275.5,15.0,-8.0,1.87,,,RSI適正、6か月上昇、25日線付近、PER良好、ROE良好、配当あり、売上成長,184,,,,,0,,185.0,1.0,-5.699999999999996,,SKIP
2026-09-02,エムスリー,2413,2413.T,1790.5,51.9,E,対象外,24.7,25.0,2.9,,120.0,,,52.2,-2.16,2.17,1.19,1.87,1.2,15.9,8.8,2.29,-9.75,5832765.0,1750.4,1711.4,1796.8,76.58,1449.0,1737.0,1826.0,1647.0,2059.0,1675.6,1441.8,15.0,-8.0,1.87,,,75日線上、RSI適正、3か月上昇、6か月上昇、25日線付近、PER良好、配当あり、下落浅い,185,,,,,0,,162.0,-23.0,-17.9,,SKIP
2026-09-02,カナデビア,7004,7004.T,1184.0,51.6,E,対象外,17.9,8.8,1.0,7.8,316.0,,,44.1,-1.42,-0.5,-1.33,-0.17,-1.3,-8.8,13.9,-1.77,-18.51,915335.0,1205.3,1274.6,1126.1,33.35,1157.0,1148.0,1208.0,1089.0,1362.0,1134.0,1151.2,15.0,-8.0,1.87,,,200日線上、6か月上昇、25日線付近、PER良好、PBR良好、ROE良好、配当あり、値動き安定,186,,,,,0,,177.0,-9.0,-10.600000000000001,,SKIP
2026-09-02,ルネサスエレクトロニクス,6723,6723.T,3178.0,51.2,E,対象外,17.1,11.3,2.0,14.0,84.0,28.5,,31.5,-4.1,-5.75,-18.16,-1.21,-18.2,-34.3,9.6,-10.63,-37.97,10771645.0,3555.9,4138.3,3116.4,206.23,3173.0,3083.0,3242.0,2924.0,3655.0,2868.6,3157.1,15.0,-8.0,1.88,該当,,200日線上、6か月上昇、PER良好、PBR良好、ROE良好、配当あり、売上成長、値動き安定、下落大,187,,,,,0,,192.0,5.0,-1.3999999999999986,,SKIP
2026-09-02,大成建設,1801,1801.T,12675.0,51.0,E,対象外,12.4,26.6,2.2,,292.0,18.4,9.3,45.3,-2.46,-1.09,-2.54,-0.46,-2.5,-2.9,-37.1,-1.23,-16.42,647140.0,12832.8,13591.9,14955.0,416.17,12085.0,12295.0,12928.0,11661.0,14576.0,12050.7,12024.6,15.0,-8.0,1.87,,,RSI適正、25日線付近、PER良好、PBR良好、配当あり、売上成長、利益成長、値動き安定,188,,,,,0,,194.0,6.0,0.0,,SKIP
2026-09-02,川崎重工業,7012,7012.T,2462.5,51.0,E,対象外,19.0,4.3,2.3,14.4,159.0,11.3,269.0,33.6,-2.4,-4.37,-13.06,-1.1,-13.1,-13.4,-32.6,-8.97,-24.6,11241740.0,2705.1,2831.9,2814.2,97.88,2438.5,2389.0,2512.0,2266.0,2832.0,2315.7,2426.3,15.0,-8.0,1.88,,,PER良好、PBR良好、ROE良好、配当あり、売上成長、利益成長、値動き安定,189,,,,,0,,188.0,-1.0,-5.0,,SKIP
2026-09-02,三菱重工業,7011,7011.T,3799.0,48.3,E,対象外,54.4,41.0,4.0,14.7,78.0,0.0,97.3,40.8,-1.48,-3.09,-7.14,-1.3,-7.1,2.6,-26.7,-4.99,-13.07,15940620.0,3998.3,3862.5,4235.9,131.74,3763.0,3685.0,3875.0,3495.0,4369.0,3601.4,3744.2,15.0,-8.0,1.88,,,3か月上昇、25日線付近、ROE良好、配当あり、売上成長、利益成長、値動き安定、下落浅い,190,,,,,0,,193.0,3.0,-3.4000000000000057,,SKIP
2026-09-02,三菱電機,6503,6503.T,5418.0,48.0,E,対象外,27.3,32.8,2.4,10.3,109.0,14.0,,39.8,-1.87,-3.58,-4.09,-2.55,-4.1,-9.0,-9.1,-5.03,-12.37,5100030.0,5705.2,5840.7,5432.6,186.88,5391.0,5255.0,5526.0,4985.0,6231.0,5137.7,5364.0,15.0,-8.0,1.88,該当,,25日線付近、PER良好、PBR良好、ROE良好、配当あり、売上成長、値動き安定、下落浅い,191,,,,,0,,154.0,-37.0,-23.0,,SKIP
2026-09-02,SCREENホールディングス,7735,7735.T,13095.0,47.3,E,対象外,26.9,15.0,5.0,18.9,182.0,-10.3,-37.2,42.2,-2.86,-0.87,0.19,-0.92,0.2,-2.6,18.8,-1.44,-32.81,2327460.0,13286.2,14430.8,11023.8,728.26,12735.0,12702.0,13357.0,12047.0,15059.0,12002.6,12671.3,15.0,-8.0,1.87,,,200日線上、6か月上昇、25日線付近、PER良好、ROE良好、配当あり、値動き安定、下落大,192,,,,,0,,180.0,-12.0,-12.900000000000006,,SKIP
2026-09-02,ソフトバンクグループ,9984,9984.T,5016.0,46.0,E,対象外,5.7,17.0,1.6,32.0,21.0,10.9,-17.8,41.5,-4.68,-2.85,-4.06,-1.83,-4.1,-32.0,24.1,-6.01,-30.76,34245525.0,5336.6,6133.3,5058.5,323.09,4882.0,4866.0,5116.0,4615.0,5768.0,4531.4,4857.6,15.0,-8.0,1.88,該当,,6か月上昇、25日線付近、PER良好、PBR良好、ROE良好、配当あり、売上成長、下落大,193,,,,,0,,152.0,-41.0,-25.299999999999997,,SKIP
2026-09-02,鹿島建設,1812,1812.T,5003.0,46.0,E,対象外,13.2,18.8,1.7,,291.0,-1.5,17.9,47.1,-0.26,3.6,-5.78,5.05,-5.8,-8.3,-27.6,0.12,-19.66,2381720.0,4996.9,5486.5,5878.7,138.24,4670.0,4853.0,5103.0,4603.0,5753.0,4795.6,4646.6,15.0,-8.0,1.88,,,RSI適正、25日線付近、PER良好、PBR良好、配当あり、利益成長、値動き安定,194,,,,,0,,204.0,10.0,10.0,,SKIP
2026-09-02,イオン,8267,8267.T,1354.5,46.0,E,対象外,50.4,21.6,3.1,7.2,103.0,14.6,,47.2,-0.4,-1.62,2.1,-2.15,2.1,2.0,-36.4,-0.87,-6.84,9451230.0,1366.4,1371.7,1849.2,32.8,1310.7,1314.0,1382.0,1246.0,1558.0,1305.3,1304.1,15.0,-8.0,1.88,,,RSI適正、3か月上昇、25日線付近、ROE良好、配当あり、売上成長、値動き安定、下落浅い,195,,,,,0,,195.0,0.0,0.3999999999999986,,SKIP
2026-09-02,信越化学工業,4063,4063.T,5893.0,45.0,E,対象外,23.3,17.9,2.4,11.2,194.0,5.4,5.7,35.5,-1.26,-1.24,-1.57,-0.85,-1.6,-22.9,-6.0,-2.95,-23.37,5522440.0,6072.0,6795.7,6099.8,159.82,5785.0,5716.0,6011.0,5422.0,6777.0,5653.3,5756.1,15.0,-8.0,1.88,該当,,25日線付近、PER良好、PBR良好、ROE良好、配当あり、売上成長、利益成長、値動き安定,196,,,,,0,,196.0,0.0,-0.6000000000000014,,SKIP
2026-09-02,サイバーエージェント,4751,4751.T,1301.0,44.0,E,対象外,16.2,25.4,3.2,20.3,150.0,9.4,5.8,42.3,-2.22,-2.91,-10.86,-0.2,-10.9,-5.8,-3.4,-4.46,-17.45,7438240.0,1361.7,1384.4,1365.9,43.07,1228.0,1262.0,1327.0,1197.0,1496.0,1236.4,1221.9,15.0,-8.0,1.87,,,25日線付近、PER良好、ROE良好、配当あり、売上成長、利益成長,197,,,,,0,,184.0,-13.0,-15.0,,SKIP
2026-09-02,住友不動産,8830,8830.T,3365.0,43.0,E,対象外,14.7,8.0,1.2,9.4,153.0,,,41.7,-0.83,-0.97,-3.39,-0.12,-3.4,-4.3,-36.7,-2.1,-13.59,2825520.0,3437.3,3605.0,4076.3,78.72,3232.0,3264.0,3432.0,3096.0,3870.0,3246.9,3215.8,15.0,-8.0,1.88,,,25日線付近、PER良好、PBR良好、ROE良好、配当あり、値動き安定、下落浅い,198,,,,,0,,197.0,-1.0,0.0,,SKIP
2026-09-02,TOTO,5332,5332.T,6075.0,42.0,E,対象外,25.0,24.9,1.9,7.4,192.0,1.7,12.5,33.8,-2.64,-5.77,-3.49,-4.9,-3.5,-24.3,-0.3,-6.05,-34.78,874035.0,6466.4,7386.6,5957.9,221.95,6051.0,5893.0,6196.0,5589.0,6986.0,5742.1,6020.7,15.0,-8.0,1.87,,,200日線上、25日線付近、PER良好、PBR良好、ROE良好、配当あり、売上成長、利益成長、値動き安定、下落大,199,,,,,0,,202.0,3.0,3.6000000000000014,,SKIP
2026-09-02,太陽誘電,6976,6976.T,8998.0,40.0,E,対象外,83.6,48.1,3.2,5.3,97.0,10.7,,39.1,-3.07,-0.68,-12.56,2.45,-12.6,-44.1,86.9,-7.7,-60.28,24216470.0,9748.3,13294.6,7631.1,902.67,8625.0,8728.0,9178.0,8278.0,10348.0,7644.0,8581.9,15.0,-8.0,1.88,,,200日線上、6か月上昇、25日線付近、ROE良好、配当あり、売上成長、下落大,200,,,,,0,,200.0,0.0,0.0,,SKIP
2026-09-02,ファナック,6954,6954.T,5845.0,38.0,E,対象外,32.7,33.8,2.9,10.0,179.0,17.7,34.7,35.5,-2.4,-2.96,-5.53,-1.57,-5.5,-25.1,-15.3,-7.06,-26.57,5417400.0,6288.9,6983.9,6449.2,230.64,5834.0,5670.0,5962.0,5377.0,6722.0,5499.0,5804.8,15.0,-8.0,1.87,,,25日線付近、ROE良好、配当あり、売上成長、利益成長、値動き安定、下落大,201,,,,,0,,198.0,-3.0,-5.0,,SKIP
2026-09-02,荏原製作所,6361,6361.T,4417.0,36.0,E,対象外,25.7,28.9,1.6,9.6,144.0,51.2,35.9,29.3,-3.35,-10.93,-23.67,-5.01,-23.7,-19.0,-20.3,-15.79,-34.46,3450310.0,5245.5,5607.8,5022.3,253.37,4407.0,4284.0,4505.0,4064.0,5080.0,4036.9,4385.0,15.0,-8.0,1.88,,,PER良好、PBR良好、ROE良好、配当あり、売上成長、利益成長、値動き安定、下落大,202,,,,,0,,205.0,3.0,0.0,,SKIP
2026-09-02,日産自動車,7201,7201.T,329.7,35.0,E,対象外,,-22.5,0.2,-7.7,,9.5,,50.2,-2.71,3.52,2.33,2.93,2.3,-6.7,-21.8,-0.79,-7.96,33740880.0,332.3,334.5,363.5,11.07,312.0,320.0,336.0,303.0,379.0,313.1,310.4,15.0,-8.1,1.85,,,RSI適正、25日線付近、PBR良好、売上成長、値動き安定、下落浅い,203,,,,,0,,201.0,-2.0,-5.0,,SKIP
2026-09-02,SUMCO,3436,3436.T,3139.0,33.0,E,対象外,,63.8,1.9,-4.1,60.0,10.4,,37.8,-5.37,-7.81,-11.45,-4.95,-11.5,-27.9,76.4,-9.97,-40.85,12608980.0,3486.5,3842.5,2520.9,299.13,3125.0,3045.0,3202.0,2888.0,3610.0,2690.3,3109.4,15.0,-8.0,1.88,,,200日線上、6か月上昇、PBR良好、配当あり、売上成長、下落大,204,,,,,0,,203.0,-1.0,-5.0,,SKIP
2026-09-02,ダイキン工業,6367,6367.T,20680.0,32.3,E,対象外,22.0,20.9,1.9,9.6,172.0,,,31.4,-1.24,-1.45,-12.98,1.79,-13.0,-12.9,3.8,-4.76,-20.92,1406200.0,21713.8,23307.6,21260.2,452.68,20515.0,20060.0,21094.0,19026.0,23782.0,20001.0,20412.4,15.0,-8.0,1.88,,,6か月上昇、25日線付近、PER良好、PBR良好、ROE良好、配当あり、値動き安定,205,,,,,0,,206.0,1.0,-1.2000000000000028,,SKIP
2026-09-02,三井金属,5706,5706.T,27275.0,32.0,E,対象外,17.1,45.4,3.7,30.6,10.0,19.3,,40.1,-5.38,-6.03,-14.5,-2.4,-14.5,-40.8,-29.2,-7.46,-48.47,1752830.0,29474.0,37786.8,31209.5,2108.79,25725.0,26457.0,27820.0,25093.0,31366.0,24111.8,25596.4,15.0,-8.0,1.87,,,25日線付近、PER良好、ROE良好、配当あり、売上成長、下落大,206,,,,,0,,207.0,1.0,0.0,,SKIP
2026-09-02,パン・パシフィック・インターナショナルホールディングス,7532,7532.T,764.4,31.0,E,対象外,20.8,4.3,3.2,16.5,129.0,,,28.7,-1.57,-7.26,-14.03,-3.75,-14.0,-6.7,-25.8,-11.88,-20.75,13989270.0,867.5,851.3,909.6,24.79,760.6,741.0,780.0,703.0,879.0,727.2,756.8,15.0,-8.0,1.87,,,PER良好、ROE良好、配当あり、値動き安定,207,,,,,0,,208.0,1.0,0.0,,SKIP
2026-09-02,トクヤマ,4043,4043.T,4054.0,30.0,E,対象外,13.1,9.6,1.0,,348.0,,,44.8,-1.89,0.82,3.5,-0.05,3.5,-27.8,-5.9,0.6,-22.57,613410.0,4029.8,4572.7,4221.4,145.68,3909.0,3932.0,4135.0,3730.0,4662.0,3835.5,3889.5,15.0,-8.0,1.88,,,25日線付近、PER良好、PBR良好、配当あり、値動き安定,208,,,,,0,,212.0,4.0,10.0,,SKIP
2026-09-02,横河電機,6841,6841.T,5003.0,28.0,E,対象外,21.9,23.2,2.5,,180.0,8.6,-18.3,37.4,-1.9,-3.14,-15.12,0.64,-15.1,-5.8,-18.2,-6.53,-16.92,1193180.0,5352.5,5349.4,5229.2,172.42,4941.0,4853.0,5103.0,4603.0,5753.0,4744.4,4916.3,15.0,-8.0,1.88,,,25日線付近、PER良好、PBR良好、配当あり、売上成長、値動き安定,209,,,,,0,,210.0,1.0,7.0,,SKIP
2026-09-02,日本電気硝子,5214,5214.T,4700.0,27.0,E,対象外,13.8,24.8,0.7,5.5,329.0,3.0,,37.0,-3.29,-0.63,1.4,-0.98,1.4,-25.5,-32.6,-4.12,-30.82,610120.0,4902.0,5782.2,6150.9,175.18,4641.0,4559.0,4794.0,4324.0,5405.0,4437.2,4617.8,15.0,-8.0,1.87,,,25日線付近、PER良好、PBR良好、ROE良好、配当あり、売上成長、値動き安定、下落大,210,,,,,0,,209.0,-1.0,5.0,,SKIP
2026-09-02,ニコン,7731,7731.T,1912.0,24.0,E,対象外,,18.1,1.1,-15.2,102.0,3.8,-86.4,40.1,-2.25,-2.45,1.11,-2.73,1.1,-4.1,-2.7,-2.69,-16.78,1609145.0,1964.9,2048.2,1938.0,67.19,1905.0,1855.0,1950.0,1759.0,2199.0,1811.2,1895.5,15.0,-8.0,1.88,,,25日線付近、PBR良好、配当あり、売上成長、値動き安定,211,,,,,0,,199.0,-12.0,-18.4,,SKIP
2026-09-02,安川電機,6506,6506.T,4572.0,17.0,E,対象外,33.7,22.3,2.4,7.5,153.0,10.6,-21.7,31.9,-2.72,-6.93,-10.27,-4.36,-10.3,-33.7,-13.4,-8.66,-39.83,3758660.0,5005.5,6007.4,5280.9,212.94,4570.0,4435.0,4663.0,4206.0,5258.0,4252.6,4547.1,15.0,-8.0,1.87,,,PBR良好、ROE良好、配当あり、売上成長、値動き安定、下落大,212,,,,,0,,211.0,-1.0,-3.0,,SKIP
2026-09-02,ソシオネクスト,6526,6526.T,1932.0,15.3,E,対象外,39.0,13.5,2.6,6.0,251.0,13.0,,40.6,-3.21,-3.59,-6.73,-1.91,-6.7,-32.9,0.9,-3.21,-32.78,6632270.0,1996.1,2390.5,2188.7,109.62,1882.5,1874.0,1971.0,1777.0,2222.0,1767.6,1873.1,15.0,-8.0,1.87,,,6か月上昇、25日線付近、ROE良好、配当あり、売上成長、下落大,213,,,,,0,,214.0,1.0,0.3000000000000007,,SKIP
2026-09-02,楽天グループ,4755,4755.T,750.2,15.0,E,対象外,,-98.6,1.8,0.3,,11.6,,40.5,-0.82,-2.91,-9.79,-0.46,-9.8,-2.2,-7.6,-5.94,-15.38,19701805.0,797.6,774.4,838.0,23.21,744.2,728.0,765.0,690.0,863.0,715.4,740.5,15.0,-8.0,1.87,,,25日線付近、PBR良好、売上成長,214,,,,,0,,213.0,-1.0,-5.0,,SKIP
2026-09-02,デンカ,4061,4061.T,3296.0,14.0,E,対象外,18.1,18.0,0.9,2.6,296.0,,,38.9,-2.34,-3.0,-6.89,-1.28,-6.9,-21.9,-5.1,-4.66,-27.29,859040.0,3457.1,3850.9,3422.1,139.05,3261.0,3197.0,3362.0,3032.0,3790.0,3087.4,3244.7,15.0,-8.0,1.87,,,25日線付近、PER良好、PBR良好、配当あり、下落大,215,,,,,0,,215.0,0.0,0.0,,SKIP
2026-09-02,レーザーテック,6920,6920.T,32180.0,13.0,E,対象外,37.3,29.5,11.7,33.9,128.0,-26.3,-34.9,34.4,-2.72,-7.05,-27.03,-0.29,-27.0,-24.4,-5.8,-13.52,-43.8,2642790.0,37211.6,42121.4,37070.8,2294.19,32130.0,31215.0,32824.0,29606.0,37007.0,28738.7,31969.3,15.0,-8.0,1.88,,,ROE良好、配当あり、下落大,216,,,,,0,,216.0,0.0,0.0,,SKIP
