signal_date,code,name,strategy,entry_price,model_version,return_5d,mfe_5d,mae_5d,exit_date_5d,return_10d,mfe_10d,mae_10d,exit_date_10d
2026-08-25,8252,丸井グループ,B_EARLY_CONFIRMED,3022.0,7.1-EARLY-RESEARCH-R2,-2.862342819324948,0.49636002647253097,-3.755790866975517,2026-09-01,-4.103242885506287,0.49636002647253097,-5.608868299139647,2026-09-08
2026-08-25,9064,ヤマトホールディングス,A_EARLY,1949.0,7.1-EARLY-RESEARCH-R2,0.9492047203694121,1.308363263211909,-0.9492047203694232,2026-09-01,-0.02565418163160693,1.308363263211909,-2.257567983581321,2026-09-08
2026-08-26,8601,大和証券グループ本社,B_EARLY_CONFIRMED,1814.0,7.1-EARLY-RESEARCH-R2,0.24807056229327884,3.3076074972436587,-0.5788313120176358,2026-09-02,-0.9371554575523744,4.630650496141131,-1.3230429988974612,2026-09-09
2026-08-26,1802,大林組,A_EARLY,2973.0,7.1-EARLY-RESEARCH-R2,1.1099899091826515,3.699966363942142,-0.7231752438614181,2026-09-02,4.540867810292637,5.2135889673730285,-0.7231752438614181,2026-09-09
2026-08-27,9602,東宝,B_EARLY_CONFIRMED,1557.0,7.1-EARLY-RESEARCH-R2,0.19267822736031004,2.6011560693641522,-1.2524084778420042,2026-09-03,,,,
2026-08-27,2432,ディー・エヌ・エー,B_EARLY_CONFIRMED,2528.0,7.1-EARLY-RESEARCH-R2,2.234968354430378,3.698575949367089,-0.9691455696202556,2026-09-03,,,,
2026-08-27,8601,大和証券グループ本社,B_EARLY_CONFIRMED,1823.0,7.1-EARLY-RESEARCH-R2,1.810202962150309,2.7975863960504554,-0.27427317608338386,2026-09-03,,,,
2026-08-27,7211,三菱自動車工業,B_EARLY_CONFIRMED,374.2,7.1-EARLY-RESEARCH-R2,1.469802244788876,8.578300374131498,-0.85515766969535,2026-09-03,,,,
2026-08-28,9433,ＫＤＤＩ,B_EARLY_CONFIRMED,2922.0,7.1-EARLY-RESEARCH-R2,2.0191649555099334,3.3538672142368275,-0.29089664613278776,2026-09-04,,,,
2026-08-28,3861,王子ホールディングス,B_EARLY_CONFIRMED,881.5,7.1-EARLY-RESEARCH-R2,-0.7146908678389075,1.2251843448666921,-1.440726035167339,2026-09-04,,,,
2026-08-28,4151,協和キリン,B_EARLY_CONFIRMED,2663.5,7.1-EARLY-RESEARCH-R2,-9.761591890369814,0.9573868969401156,-11.394781302797075,2026-09-04,,,,
2026-08-28,6178,日本郵政,B_EARLY_CONFIRMED,2432.5,7.1-EARLY-RESEARCH-R2,3.288797533401855,7.009249743062695,-1.171634121274412,2026-09-04,,,,
2026-08-28,8316,三井住友フィナンシャルグループ,B_EARLY_CONFIRMED,6902.0,7.1-EARLY-RESEARCH-R2,2.622428281657485,4.042306577803534,-1.8255578093306246,2026-09-04,,,,
2026-08-28,6701,日本電気,B_EARLY_CONFIRMED,4908.0,7.1-EARLY-RESEARCH-R2,-1.6299918500407462,2.9747351263243793,-4.1564792176039145,2026-09-04,,,,
2026-08-28,9064,ヤマトホールディングス,A_EARLY,1949.5,7.1-EARLY-RESEARCH-R2,0.7950756604257592,1.282380097460889,-2.282636573480379,2026-09-04,,,,
2026-08-28,8591,オリックス,A_EARLY,6218.0,7.1-EARLY-RESEARCH-R2,0.3859761981344523,5.870054679961401,-0.7880347378578345,2026-09-04,,,,
2026-08-28,1803,清水建設,A_EARLY,2381.0,7.1-EARLY-RESEARCH-R2,-0.4409911801763977,3.296934061318768,-1.3649727005459855,2026-09-04,,,,
2026-08-28,8766,東京海上ホールディングス,A_EARLY,7693.0,7.1-EARLY-RESEARCH-R2,3.6786689197972233,5.771480566748988,-0.2859742623163908,2026-09-04,,,,
2026-08-31,8750,第一ライフグループ,A_EARLY,1838.5,7.1-EARLY-RESEARCH-R2,1.6045689420723486,4.2697851509382545,-0.7342942616263226,2026-09-07,,,,
2026-08-31,8058,三菱商事,B_EARLY_CONFIRMED,4804.0,7.1-EARLY-RESEARCH-R2,3.8717735220649363,6.640299750208167,-0.5412156536219848,2026-09-07,,,,
2026-08-31,8801,三井不動産,B_EARLY_CONFIRMED,1522.5,7.1-EARLY-RESEARCH-R2,-1.937602627257795,2.4958949096880234,-2.1018062397372694,2026-09-07,,,,
2026-08-31,7203,トヨタ自動車,B_EARLY_CONFIRMED,3156.0,7.1-EARLY-RESEARCH-R2,-1.9011406844106515,3.580481622306708,-2.376425855513309,2026-09-07,,,,
2026-08-31,8031,三井物産,B_EARLY_CONFIRMED,5009.0,7.1-EARLY-RESEARCH-R2,1.7967658215212623,6.46835695747654,-0.37931722898781883,2026-09-07,,,,
2026-08-31,9531,東京瓦斯,B_EARLY_CONFIRMED,6186.0,7.1-EARLY-RESEARCH-R2,-0.3718073068218586,3.9767216294859464,-1.1154219204655647,2026-09-07,,,,
2026-08-31,9020,東日本旅客鉄道,B_EARLY_CONFIRMED,3581.0,7.1-EARLY-RESEARCH-R2,-2.8762915386763455,1.507958670762366,-2.8762915386763455,2026-09-07,,,,
2026-08-31,9022,東海旅客鉄道,B_EARLY_CONFIRMED,3976.0,7.1-EARLY-RESEARCH-R2,-4.552313883299797,1.685110663983913,-4.652917505030185,2026-09-07,,,,
2026-08-31,9009,京成電鉄,B_EARLY_CONFIRMED,1364.0,7.1-EARLY-RESEARCH-R2,0.40322580645162365,1.7228739002932647,-3.0425219941348947,2026-09-07,,,,
2026-08-31,4151,協和キリン,B_EARLY_CONFIRMED,2628.0,7.1-EARLY-RESEARCH-R2,-9.056316590563164,2.3211567732115634,-10.197869101978696,2026-09-07,,,,
2026-08-31,2432,ディー・エヌ・エー,B_EARLY_CONFIRMED,2571.5,7.1-EARLY-RESEARCH-R2,-0.3305463737118375,2.2360489986389176,-1.18607816449543,2026-09-07,,,,
2026-08-31,9021,西日本旅客鉄道,B_EARLY_CONFIRMED,3015.0,7.1-EARLY-RESEARCH-R2,-0.8291873963515717,1.127694859038142,-1.4593698175787706,2026-09-07,,,,
2026-08-31,8802,三菱地所,B_EARLY_CONFIRMED,3795.0,7.1-EARLY-RESEARCH-R2,-3.451910408432146,1.7127799736495364,-3.610013175230564,2026-09-07,,,,
2026-08-31,7202,いすゞ自動車,B_EARLY_CONFIRMED,2287.0,7.1-EARLY-RESEARCH-R2,-2.732837778749453,1.945780498469607,-3.1700918233493636,2026-09-07,,,,
2026-08-31,4183,三井化学,B_EARLY_CONFIRMED,2187.0,7.1-EARLY-RESEARCH-R2,2.0118884316415286,7.064471879286693,-1.1888431641518094,2026-09-07,,,,
2026-08-31,9532,大阪瓦斯,B_EARLY_CONFIRMED,5757.0,7.1-EARLY-RESEARCH-R2,0.1563314226159518,2.605523710265767,-0.7990272711481672,2026-09-07,,,,
2026-08-31,4324,電通グループ,B_EARLY_CONFIRMED,3704.0,7.1-EARLY-RESEARCH-R2,-1.9978401727861805,3.2937365010799136,-2.2138228941684712,2026-09-07,,,,
2026-08-31,1963,日揮ホールディングス,B_EARLY_CONFIRMED,2356.5,7.1-EARLY-RESEARCH-R2,1.485253553999577,2.9917250159134268,-1.8035221727137674,2026-09-07,,,,
2026-08-31,6702,富士通,B_EARLY_CONFIRMED,3869.0,7.1-EARLY-RESEARCH-R2,-0.9821659343499656,3.1532695787025,-2.481261307831484,2026-09-07,,,,
2026-08-31,8316,三井住友フィナンシャルグループ,B_EARLY_CONFIRMED,6975.0,7.1-EARLY-RESEARCH-R2,0.014336917562718376,2.95340501792114,-1.5770609318996431,2026-09-07,,,,
2026-08-31,1812,鹿島建設,A_EARLY,4838.0,7.1-EARLY-RESEARCH-R2,3.6792062835882655,4.154609342703597,0.16535758577924664,2026-09-07,,,,
2026-08-31,1803,清水建設,A_EARLY,2388.0,7.1-EARLY-RESEARCH-R2,1.2144053601339966,2.9941373534338345,-1.5075376884422065,2026-09-07,,,,
2026-08-31,9735,セコム,A_EARLY,6491.0,7.1-EARLY-RESEARCH-R2,-3.004159605607759,1.0630103219842812,-3.466338006470493,2026-09-07,,,,
2026-08-31,8591,オリックス,A_EARLY,6284.0,7.1-EARLY-RESEARCH-R2,-1.3208147676639137,4.758115849777211,-1.8300445576066249,2026-09-07,,,,
2026-09-01,1801,大成建設,B_EARLY_CONFIRMED,12995.0,7.1-EARLY-RESEARCH-R2,1.1542901115813686,2.731819930742585,-4.732589457483649,2026-09-08,,,,
2026-09-01,8804,東京建物,B_EARLY_CONFIRMED,3472.0,7.1-EARLY-RESEARCH-R2,-3.686635944700456,-1.008064516129037,-4.665898617511521,2026-09-08,,,,
2026-09-01,1802,大林組,B_EARLY_CONFIRMED,3065.0,7.1-EARLY-RESEARCH-R2,-0.4893964110929905,1.044045676998362,-2.6264274061990167,2026-09-08,,,,
2026-09-01,5406,神戸製鋼所,B_EARLY_CONFIRMED,2064.0,7.1-EARLY-RESEARCH-R2,-3.0523255813953543,0.4844961240310086,-3.0523255813953543,2026-09-08,,,,
2026-09-01,3092,ＺＯＺＯ,B_EARLY_CONFIRMED,1171.5,7.1-EARLY-RESEARCH-R2,-3.1156636790439562,-1.1523687580025643,-4.139991463935122,2026-09-08,,,,
2026-09-01,6902,デンソー,B_EARLY_CONFIRMED,1981.0,7.1-EARLY-RESEARCH-R2,-5.1489146895507325,-1.4386673397274063,-5.1489146895507325,2026-09-08,,,,
2026-09-01,8002,丸紅,B_EARLY_CONFIRMED,5122.0,7.1-EARLY-RESEARCH-R2,-0.8199921905505669,2.713783678250681,-2.5185474424053056,2026-09-08,,,,
2026-09-01,8750,第一ライフグループ,B_EARLY_CONFIRMED,1868.5,7.1-EARLY-RESEARCH-R2,-2.4618678084024626,2.5956649719026004,-2.4618678084024626,2026-09-08,,,,
2026-09-01,8058,三菱商事,B_EARLY_CONFIRMED,4956.0,7.1-EARLY-RESEARCH-R2,-0.5851493139628738,3.3696529459241287,-2.8450363196125927,2026-09-08,,,,
2026-09-01,5401,日本製鉄,B_EARLY_CONFIRMED,700.3,7.1-EARLY-RESEARCH-R2,-3.198629158931887,2.598886191632155,-3.198629158931887,2026-09-08,,,,
2026-09-01,7202,いすゞ自動車,B_EARLY_CONFIRMED,2320.0,7.1-EARLY-RESEARCH-R2,-8.211206896551726,-0.7543103448275912,-8.211206896551726,2026-09-08,,,,
2026-09-01,1963,日揮ホールディングス,B_EARLY_CONFIRMED,2379.0,7.1-EARLY-RESEARCH-R2,-0.5044136191677207,2.1437578814627933,-2.732240437158473,2026-09-08,,,,
2026-09-02,8766,東京海上ホールディングス,B_EARLY_CONFIRMED,7775.0,7.1-EARLY-RESEARCH-R2,-0.9517684887459854,4.655948553054667,-0.9517684887459854,2026-09-09,,,,
2026-09-02,5401,日本製鉄,B_EARLY_CONFIRMED,691.5,7.1-EARLY-RESEARCH-R2,-2.255965292841655,3.90455531453362,-2.979031091829365,2026-09-09,,,,
2026-09-02,2432,ディー・エヌ・エー,B_EARLY_CONFIRMED,2608.5,7.1-EARLY-RESEARCH-R2,-4.581176921602459,0.7858922752539854,-4.581176921602459,2026-09-09,,,,
2026-09-02,5020,ＥＮＥＯＳホールディングス,B_EARLY_CONFIRMED,1345.0,7.1-EARLY-RESEARCH-R2,8.475836431226757,8.959107806691446,-0.7063197026022316,2026-09-09,,,,
2026-09-02,8306,三菱ＵＦＪフィナンシャル・グループ,B_EARLY_CONFIRMED,3684.0,7.1-EARLY-RESEARCH-R2,-2.25298588490771,3.0130293159609023,-2.687296416938112,2026-09-09,,,,
2026-09-02,8058,三菱商事,B_EARLY_CONFIRMED,4860.0,7.1-EARLY-RESEARCH-R2,3.662551440329209,5.411522633744847,-0.5555555555555536,2026-09-09,,,,
2026-09-02,8316,三井住友フィナンシャルグループ,B_EARLY_CONFIRMED,6971.0,7.1-EARLY-RESEARCH-R2,-2.4386745086788175,3.0124802754267765,-2.4386745086788175,2026-09-09,,,,
2026-09-02,1963,日揮ホールディングス,B_EARLY_CONFIRMED,2352.0,7.1-EARLY-RESEARCH-R2,3.741496598639449,4.7406462585034115,-1.5093537414965996,2026-09-09,,,,
2026-09-02,6473,ジェイテクト,B_EARLY_CONFIRMED,2145.0,7.1-EARLY-RESEARCH-R2,-5.011655011655014,4.592074592074602,-7.622377622377618,2026-09-09,,,,
2026-09-02,8031,三井物産,B_EARLY_CONFIRMED,5119.0,7.1-EARLY-RESEARCH-R2,0.7227974213713573,4.180504004688412,-2.520023442078534,2026-09-09,,,,
2026-09-02,4183,三井化学,B_EARLY_CONFIRMED,2244.0,7.1-EARLY-RESEARCH-R2,-4.590017825311943,3.542780748663099,-6.149732620320858,2026-09-09,,,,
2026-09-02,9735,セコム,A_EARLY,6474.0,7.1-EARLY-RESEARCH-R2,-2.9657089898053712,0.13901760889711845,-4.386777880753789,2026-09-09,,,,
2026-09-02,8750,第一ライフグループ,A_EARLY,1846.0,7.1-EARLY-RESEARCH-R2,-2.275189599133265,3.8461538461538547,-3.4127843986998863,2026-09-09,,,,
2026-09-03,5406,神戸製鋼所,B_EARLY_CONFIRMED,2050.0,7.1-EARLY-RESEARCH-R2,,,,,,,,
2026-09-03,6770,アルプスアルパイン,B_EARLY_CONFIRMED,2278.5,7.1-EARLY-RESEARCH-R2,,,,,,,,
2026-09-03,1963,日揮ホールディングス,B_EARLY_CONFIRMED,2374.0,7.1-EARLY-RESEARCH-R2,,,,,,,,
2026-09-03,8766,東京海上ホールディングス,B_EARLY_CONFIRMED,7958.0,7.1-EARLY-RESEARCH-R2,,,,,,,,
2026-09-03,5401,日本製鉄,B_EARLY_CONFIRMED,704.6,7.1-EARLY-RESEARCH-R2,,,,,,,,
2026-09-03,5020,ＥＮＥＯＳホールディングス,B_EARLY_CONFIRMED,1372.0,7.1-EARLY-RESEARCH-R2,,,,,,,,
2026-09-04,5020,ＥＮＥＯＳホールディングス,B_EARLY_CONFIRMED,1345.5,7.1-EARLY-RESEARCH-R2,,,,,,,,
2026-09-04,8750,第一ライフグループ,B_EARLY_CONFIRMED,1877.5,7.1-EARLY-RESEARCH-R2,,,,,,,,
2026-09-04,5401,日本製鉄,B_EARLY_CONFIRMED,691.9,7.1-EARLY-RESEARCH-R2,,,,,,,,
2026-09-04,9602,東宝,B_EARLY_CONFIRMED,1601.0,7.1-EARLY-RESEARCH-R2,,,,,,,,
2026-09-04,8058,三菱商事,B_EARLY_CONFIRMED,4902.0,7.1-EARLY-RESEARCH-R2,,,,,,,,
2026-09-04,8053,住友商事,B_EARLY_CONFIRMED,1820.0,7.1-EARLY-RESEARCH-R2,,,,,,,,
2026-09-04,3382,セブン＆アイ・ホールディングス,B_EARLY_CONFIRMED,2060.5,7.1-EARLY-RESEARCH-R2,,,,,,,,
2026-09-04,1963,日揮ホールディングス,B_EARLY_CONFIRMED,2344.0,7.1-EARLY-RESEARCH-R2,,,,,,,,
2026-09-04,4183,三井化学,B_EARLY_CONFIRMED,2224.0,7.1-EARLY-RESEARCH-R2,,,,,,,,
2026-09-04,8766,東京海上ホールディングス,B_EARLY_CONFIRMED,7976.0,7.1-EARLY-RESEARCH-R2,,,,,,,,
2026-09-04,8267,イオン,B_EARLY_CONFIRMED,1409.0,7.1-EARLY-RESEARCH-R2,,,,,,,,
2026-09-07,5401,日本製鉄,B_EARLY_CONFIRMED,697.5,7.1-EARLY-RESEARCH-R2,,,,,,,,
2026-09-09,9023,東京地下鉄,B_EARLY_CONFIRMED,1526.0,7.1-EARLY-RESEARCH-R2,,,,,,,,
2026-09-09,1802,大林組,B_EARLY_CONFIRMED,3108.0,7.1-EARLY-RESEARCH-R2,,,,,,,,
2026-09-09,6594,ニデック,A_EARLY,2591.0,7.1-EARLY-RESEARCH-R2,,,,,,,,
